24000,Colonia,Campeche,Campeche
24005,Gran usuario,Campeche,Campeche
24008,Gran usuario,Campeche,Campeche
24009,Gran usuario,Campeche,Campeche
24010,Barrio,Campeche,Campeche
24010,Barrio,Campeche,Campeche
24010,Fraccionamiento,Campeche,Campeche
24010,Fraccionamiento,Campeche,Campeche
24010,Unidad habitacional,Campeche,Campeche
24014,Zona comercial,Campeche,Campeche
24019,Gran usuario,Campeche,Campeche
24020,Fraccionamiento,Campeche,Campeche
24020,Colonia,Campeche,Campeche
24020,Colonia,Campeche,Campeche
24020,Colonia,Campeche,Campeche
24020,Fraccionamiento,Campeche,Campeche
24020,Colonia,Campeche,Campeche
24020,Ampliación,Campeche,Campeche
24020,Barrio,Campeche,Campeche
24020,Barrio,Campeche,Campeche
24020,Fraccionamiento,Campeche,Campeche
24020,Colonia,Campeche,Campeche
24020,Colonia,Campeche,Campeche
24020,Colonia,Campeche,Campeche
24020,Fraccionamiento,Campeche,Campeche
24023,Fraccionamiento,Campeche,Campeche
24023,Fraccionamiento,Campeche,Campeche
24023,Colonia,Campeche,Campeche
24023,Colonia,Campeche,Campeche
24023,Colonia,Campeche,Campeche
24023,Unidad habitacional,Campeche,Campeche
24024,Unidad habitacional,Campeche,Campeche
24025,Unidad habitacional,Campeche,Campeche
24026,Colonia,Campeche,Campeche
24026,Colonia,Campeche,Campeche
24026,Colonia,Campeche,Campeche
24026,Fraccionamiento,Campeche,Campeche
24026,Colonia,Campeche,Campeche
24026,Colonia,Campeche,Campeche
24026,Colonia,Campeche,Campeche
24026,Fraccionamiento,Campeche,Campeche
24026,Fraccionamiento,Campeche,Campeche
24026,Colonia,Campeche,Campeche
24026,Colonia,Campeche,Campeche
24026,Colonia,Campeche,Campeche
24026,Colonia,Campeche,Campeche
24027,Unidad habitacional,Campeche,Campeche
24027,Fraccionamiento,Campeche,Campeche
24027,Fraccionamiento,Campeche,Campeche
24027,Unidad habitacional,Campeche,Campeche
24027,Unidad habitacional,Campeche,Campeche
24028,Fraccionamiento,Campeche,Campeche
24028,Fraccionamiento,Campeche,Campeche
24029,Gran usuario,Campeche,Campeche
24030,Colonia,Campeche,Campeche
24030,Fraccionamiento,Campeche,Campeche
24030,Fraccionamiento,Campeche,Campeche
24030,Unidad habitacional,Campeche,Campeche
24030,Colonia,Campeche,Campeche
24030,Fraccionamiento,Campeche,Campeche
24035,Fraccionamiento,Campeche,Campeche
24035,Fraccionamiento,Campeche,Campeche
24035,Colonia,Campeche,Campeche
24035,Unidad habitacional,Campeche,Campeche
24035,Fraccionamiento,Campeche,Campeche
24035,Colonia,Campeche,Campeche
24035,Colonia,Campeche,Campeche
24035,Unidad habitacional,Campeche,Campeche
24035,Fraccionamiento,Campeche,Campeche
24035,Fraccionamiento,Campeche,Campeche
24035,Colonia,Campeche,Campeche
24036,Unidad habitacional,Campeche,Campeche
24037,Colonia,Campeche,Campeche
24038,Fraccionamiento,Campeche,Campeche
24038,Colonia,Campeche,Campeche
24038,Fraccionamiento,Campeche,Campeche
24038,Fraccionamiento,Campeche,Campeche
24039,Colonia,Campeche,Campeche
24040,Barrio,Campeche,Campeche
24040,Barrio,Campeche,Campeche
24040,Fraccionamiento,Campeche,Campeche
24044,Fraccionamiento,Campeche,Campeche
24044,Colonia,Campeche,Campeche
24044,Colonia,Campeche,Campeche
24048,Gran usuario,Campeche,Campeche
24049,Unidad habitacional,Campeche,Campeche
24050,Unidad habitacional,Campeche,Campeche
24050,Fraccionamiento,Campeche,Campeche
24050,Fraccionamiento,Campeche,Campeche
24050,Unidad habitacional,Campeche,Campeche
24050,Fraccionamiento,Campeche,Campeche
24050,Colonia,Campeche,Campeche
24050,Fraccionamiento,Campeche,Campeche
24050,Fraccionamiento,Campeche,Campeche
24050,Barrio,Campeche,Campeche
24050,Fraccionamiento,Campeche,Campeche
24050,Fraccionamiento,Campeche,Campeche
24058,Fraccionamiento,Campeche,Campeche
24060,Colonia,Campeche,Campeche
24060,Colonia,Campeche,Campeche
24060,Fraccionamiento,Campeche,Campeche
24060,Fraccionamiento,Campeche,Campeche
24060,Fraccionamiento,Campeche,Campeche
24060,Fraccionamiento,Campeche,Campeche
24060,Fraccionamiento,Campeche,Campeche
24060,Fraccionamiento,Campeche,Campeche
24060,Unidad habitacional,Campeche,Campeche
24060,Unidad habitacional,Campeche,Campeche
24060,Fraccionamiento,Campeche,Campeche
24060,Colonia,Campeche,Campeche
24060,Fraccionamiento,Campeche,Campeche
24060,Fraccionamiento,Campeche,Campeche
24060,Fraccionamiento,Campeche,Campeche
24060,Colonia,Campeche,Campeche
24060,Colonia,Campeche,Campeche
24060,Colonia,Campeche,Campeche
24060,Colonia,Campeche,Campeche
24060,Colonia,Campeche,Campeche
24060,Fraccionamiento,Campeche,Campeche
24060,Fraccionamiento,Campeche,Campeche
24060,Colonia,Campeche,Campeche
24060,Colonia,Campeche,Campeche
24060,Colonia,Campeche,Campeche
24060,Fraccionamiento,Campeche,Campeche
24063,Fraccionamiento,Campeche,Campeche
24067,Colonia,Campeche,Campeche
24069,Fraccionamiento,Campeche,Campeche
24070,Colonia,Campeche,Campeche
24070,Colonia,Campeche,Campeche
24070,Fraccionamiento,Campeche,Campeche
24070,Fraccionamiento,Campeche,Campeche
24070,Unidad habitacional,Campeche,Campeche
24070,Unidad habitacional,Campeche,Campeche
24070,Fraccionamiento,Campeche,Campeche
24070,Fraccionamiento,Campeche,Campeche
24070,Colonia,Campeche,Campeche
24070,Ampliación,Campeche,Campeche
24070,Fraccionamiento,Campeche,Campeche
24070,Fraccionamiento,Campeche,Campeche
24073,Fraccionamiento,Campeche,Campeche
24075,Colonia,Campeche,Campeche
24079,Aeropuerto,Campeche,Campeche
24080,Colonia,Campeche,Campeche
24080,Colonia,Campeche,Campeche
24080,Colonia,Campeche,Campeche
24080,Colonia,Campeche,Campeche
24080,Colonia,Campeche,Campeche
24080,Fraccionamiento,Campeche,Campeche
24080,Colonia,Campeche,Campeche
24080,Ampliación,Campeche,Campeche
24083,Colonia,Campeche,Campeche
24085,Unidad habitacional,Campeche,Campeche
24085,Fraccionamiento,Campeche,Campeche
24085,Fraccionamiento,Campeche,Campeche
24085,Fraccionamiento,Campeche,Campeche
24085,Fraccionamiento,Campeche,Campeche
24085,Colonia,Campeche,Campeche
24085,Unidad habitacional,Campeche,Campeche
24085,Fraccionamiento,Campeche,Campeche
24085,Colonia,Campeche,Campeche
24085,Fraccionamiento,Campeche,Campeche
24085,Fraccionamiento,Campeche,Campeche
24086,Colonia,Campeche,Campeche
24086,Fraccionamiento,Campeche,Campeche
24087,Fraccionamiento,Campeche,Campeche
24087,Fraccionamiento,Campeche,Campeche
24087,Fraccionamiento,Campeche,Campeche
24087,Fraccionamiento,Campeche,Campeche
24087,Fraccionamiento,Campeche,Campeche
24087,Colonia,Campeche,Campeche
24087,Fraccionamiento,Campeche,Campeche
24087,Fraccionamiento,Campeche,Campeche
24087,Fraccionamiento,Campeche,Campeche
24087,Fraccionamiento,Campeche,Campeche
24087,Fraccionamiento,Campeche,Campeche
24087,Fraccionamiento,Campeche,Campeche
24087,Fraccionamiento,Campeche,Campeche
24087,Fraccionamiento,Campeche,Campeche
24087,Fraccionamiento,Campeche,Campeche
24087,Fraccionamiento,Campeche,Campeche
24087,Fraccionamiento,Campeche,Campeche
24087,Fraccionamiento,Campeche,Campeche
24088,Fraccionamiento,Campeche,Campeche
24088,Fraccionamiento,Campeche,Campeche
24088,Unidad habitacional,Campeche,Campeche
24088,Fraccionamiento,Campeche,Campeche
24088,Unidad habitacional,Campeche,Campeche
24088,Fraccionamiento,Campeche,Campeche
24088,Fraccionamiento,Campeche,Campeche
24088,Colonia,Campeche,Campeche
24088,Fraccionamiento,Campeche,Campeche
24088,Fraccionamiento,Campeche,Campeche
24088,Fraccionamiento,Campeche,Campeche
24088,Fraccionamiento,Campeche,Campeche
24088,Fraccionamiento,Campeche,Campeche
24088,Fraccionamiento,Campeche,Campeche
24088,Fraccionamiento,Campeche,Campeche
24088,Fraccionamiento,Campeche,Campeche
24089,Colonia,Campeche,Campeche
24090,Fraccionamiento,Campeche,Campeche
24090,Fraccionamiento,Campeche,Campeche
24090,Fraccionamiento,Campeche,Campeche
24090,Fraccionamiento,Campeche,Campeche
24090,Colonia,Campeche,Campeche
24090,Colonia,Campeche,Campeche
24090,Fraccionamiento,Campeche,Campeche
24090,Colonia,Campeche,Campeche
24090,Unidad habitacional,Campeche,Campeche
24090,Colonia,Campeche,Campeche
24090,Fraccionamiento,Campeche,Campeche
24090,Fraccionamiento,Campeche,Campeche
24090,Fraccionamiento,Campeche,Campeche
24090,Fraccionamiento,Campeche,Campeche
24090,Fraccionamiento,Campeche,Campeche
24090,Fraccionamiento,Campeche,Campeche
24093,Fraccionamiento,Campeche,Campeche
24093,Unidad habitacional,Campeche,Campeche
24094,Fraccionamiento,Campeche,Campeche
24094,Colonia,Campeche,Campeche
24094,Pueblo,Campeche,Campeche
24094,Fraccionamiento,Campeche,Campeche
24094,Ampliación,Campeche,Campeche
24094,Fraccionamiento,Campeche,Campeche
24094,Fraccionamiento,Campeche,Campeche
24094,Ampliación,Campeche,Campeche
24095,Fraccionamiento,Campeche,Campeche
24095,Fraccionamiento,Campeche,Campeche
24095,Colonia,Campeche,Campeche
24095,Fraccionamiento,Campeche,Campeche
24095,Colonia,Campeche,Campeche
24095,Fraccionamiento,Campeche,Campeche
24095,Fraccionamiento,Campeche,Campeche
24095,Colonia,Campeche,Campeche
24095,Fraccionamiento,Campeche,Campeche
24096,Fraccionamiento,Campeche,Campeche
24096,Unidad habitacional,Campeche,Campeche
24096,Colonia,Campeche,Campeche
24096,Fraccionamiento,Campeche,Campeche
24097,Fraccionamiento,Campeche,Campeche
24097,Fraccionamiento,Campeche,Campeche
24097,Unidad habitacional,Campeche,Campeche
24097,Fraccionamiento,Campeche,Campeche
24098,Colonia,Campeche,Campeche
24098,Fraccionamiento,Campeche,Campeche
24099,Fraccionamiento,Campeche,Campeche
24099,Colonia,Campeche,Campeche
24099,Fraccionamiento,Campeche,Campeche
24099,Colonia,Campeche,Campeche
24099,Residencial,Campeche,Campeche
24100,Colonia,Carmen,Campeche
24108,Gran usuario,Carmen,Campeche
24109,Gran usuario,Carmen,Campeche
24110,Colonia,Carmen,Campeche
24110,Colonia,Carmen,Campeche
24110,Colonia,Carmen,Campeche
24110,Colonia,Carmen,Campeche
24110,Colonia,Carmen,Campeche
24114,Colonia,Carmen,Campeche
24115,Colonia,Carmen,Campeche
24115,Fraccionamiento,Carmen,Campeche
24115,Colonia,Carmen,Campeche
24115,Colonia,Carmen,Campeche
24115,Fraccionamiento,Carmen,Campeche
24116,Colonia,Carmen,Campeche
24116,Colonia,Carmen,Campeche
24117,Colonia,Carmen,Campeche
24118,Colonia,Carmen,Campeche
24119,Aeropuerto,Carmen,Campeche
24119,Colonia,Carmen,Campeche
24120,Colonia,Carmen,Campeche
24120,Colonia,Carmen,Campeche
24120,Colonia,Carmen,Campeche
24129,Colonia,Carmen,Campeche
24130,Colonia,Carmen,Campeche
24130,Colonia,Carmen,Campeche
24130,Colonia,Carmen,Campeche
24139,Colonia,Carmen,Campeche
24139,Colonia,Carmen,Campeche
24140,Colonia,Carmen,Campeche
24150,Colonia,Carmen,Campeche
24150,Colonia,Carmen,Campeche
24150,Colonia,Carmen,Campeche
24153,Fraccionamiento,Carmen,Campeche
24153,Fraccionamiento,Carmen,Campeche
24153,Fraccionamiento,Carmen,Campeche
24153,Fraccionamiento,Carmen,Campeche
24153,Fraccionamiento,Carmen,Campeche
24154,Fraccionamiento,Carmen,Campeche
24154,Colonia,Carmen,Campeche
24154,Fraccionamiento,Carmen,Campeche
24154,Fraccionamiento,Carmen,Campeche
24154,Fraccionamiento,Carmen,Campeche
24154,Fraccionamiento,Carmen,Campeche
24154,Fraccionamiento,Carmen,Campeche
24154,Colonia,Carmen,Campeche
24154,Fraccionamiento,Carmen,Campeche
24154,Fraccionamiento,Carmen,Campeche
24154,Fraccionamiento,Carmen,Campeche
24154,Fraccionamiento,Carmen,Campeche
24154,Fraccionamiento,Carmen,Campeche
24155,Fraccionamiento,Carmen,Campeche
24155,Colonia,Carmen,Campeche
24155,Colonia,Carmen,Campeche
24155,Colonia,Carmen,Campeche
24155,Fraccionamiento,Carmen,Campeche
24155,Colonia,Carmen,Campeche
24155,Colonia,Carmen,Campeche
24155,Colonia,Carmen,Campeche
24155,Fraccionamiento,Carmen,Campeche
24155,Fraccionamiento,Carmen,Campeche
24155,Fraccionamiento,Carmen,Campeche
24155,Colonia,Carmen,Campeche
24155,Colonia,Carmen,Campeche
24156,Fraccionamiento,Carmen,Campeche
24156,Fraccionamiento,Carmen,Campeche
24156,Fraccionamiento,Carmen,Campeche
24156,Fraccionamiento,Carmen,Campeche
24156,Fraccionamiento,Carmen,Campeche
24156,Fraccionamiento,Carmen,Campeche
24156,Fraccionamiento,Carmen,Campeche
24156,Fraccionamiento,Carmen,Campeche
24156,Fraccionamiento,Carmen,Campeche
24157,Fraccionamiento,Carmen,Campeche
24157,Fraccionamiento,Carmen,Campeche
24157,Fraccionamiento,Carmen,Campeche
24157,Fraccionamiento,Carmen,Campeche
24157,Fraccionamiento,Carmen,Campeche
24157,Colonia,Carmen,Campeche
24157,Fraccionamiento,Carmen,Campeche
24157,Fraccionamiento,Carmen,Campeche
24157,Fraccionamiento,Carmen,Campeche
24157,Fraccionamiento,Carmen,Campeche
24157,Fraccionamiento,Carmen,Campeche
24157,Fraccionamiento,Carmen,Campeche
24157,Fraccionamiento,Carmen,Campeche
24157,Fraccionamiento,Carmen,Campeche
24157,Fraccionamiento,Carmen,Campeche
24157,Fraccionamiento,Carmen,Campeche
24157,Fraccionamiento,Carmen,Campeche
24157,Fraccionamiento,Carmen,Campeche
24157,Fraccionamiento,Carmen,Campeche
24157,Fraccionamiento,Carmen,Campeche
24157,Fraccionamiento,Carmen,Campeche
24157,Fraccionamiento,Carmen,Campeche
24157,Fraccionamiento,Carmen,Campeche
24157,Fraccionamiento,Carmen,Campeche
24157,Fraccionamiento,Carmen,Campeche
24157,Fraccionamiento,Carmen,Campeche
24157,Colonia,Carmen,Campeche
24157,Fraccionamiento,Carmen,Campeche
24157,Fraccionamiento,Carmen,Campeche
24157,Fraccionamiento,Carmen,Campeche
24157,Colonia,Carmen,Campeche
24157,Fraccionamiento,Carmen,Campeche
24157,Fraccionamiento,Carmen,Campeche
24158,Fraccionamiento,Carmen,Campeche
24158,Fraccionamiento,Carmen,Campeche
24158,Fraccionamiento,Carmen,Campeche
24158,Fraccionamiento,Carmen,Campeche
24158,Fraccionamiento,Carmen,Campeche
24158,Fraccionamiento,Carmen,Campeche
24158,Fraccionamiento,Carmen,Campeche
24158,Fraccionamiento,Carmen,Campeche
24158,Fraccionamiento,Carmen,Campeche
24158,Fraccionamiento,Carmen,Campeche
24158,Fraccionamiento,Carmen,Campeche
24158,Fraccionamiento,Carmen,Campeche
24158,Fraccionamiento,Carmen,Campeche
24158,Fraccionamiento,Carmen,Campeche
24160,Colonia,Carmen,Campeche
24166,Fraccionamiento,Carmen,Campeche
24167,Fraccionamiento,Carmen,Campeche
24169,Colonia,Carmen,Campeche
24169,Fraccionamiento,Carmen,Campeche
24170,Colonia,Carmen,Campeche
24170,Colonia,Carmen,Campeche
24170,Colonia,Carmen,Campeche
24178,Colonia,Carmen,Campeche
24179,Colonia,Carmen,Campeche
24180,Colonia,Carmen,Campeche
24180,Colonia,Carmen,Campeche
24180,Colonia,Carmen,Campeche
24180,Colonia,Carmen,Campeche
24185,Colonia,Carmen,Campeche
24186,Colonia,Carmen,Campeche
24187,Colonia,Carmen,Campeche
24188,Colonia,Carmen,Campeche
24189,Colonia,Carmen,Campeche
24190,Colonia,Carmen,Campeche
24195,Colonia,Carmen,Campeche
24195,Colonia,Carmen,Campeche
24197,Colonia,Carmen,Campeche
24197,Colonia,Carmen,Campeche
24197,Colonia,Carmen,Campeche
24197,Colonia,Carmen,Campeche
24198,Colonia,Carmen,Campeche
24199,Unidad habitacional,Carmen,Campeche
24200,Conjunto habitacional,Palizada,Campeche
24200,Conjunto habitacional,Palizada,Campeche
24200,Colonia,Palizada,Campeche
24200,Colonia,Palizada,Campeche
24203,Ejido,Palizada,Campeche
24203,Ranchería,Palizada,Campeche
24203,Ranchería,Palizada,Campeche
24204,Rancho,Palizada,Campeche
24204,Pueblo,Palizada,Campeche
24204,Pueblo,Palizada,Campeche
24204,Ranchería,Palizada,Campeche
24204,Ranchería,Palizada,Campeche
24204,Pueblo,Palizada,Campeche
24204,Ejido,Palizada,Campeche
24205,Rancho,Palizada,Campeche
24205,Ranchería,Palizada,Campeche
24205,Ranchería,Palizada,Campeche
24205,Rancho,Palizada,Campeche
24205,Pueblo,Palizada,Campeche
24205,Rancho,Palizada,Campeche
24205,Ranchería,Palizada,Campeche
24205,Rancho,Palizada,Campeche
24205,Ejido,Palizada,Campeche
24205,Ranchería,Palizada,Campeche
24205,Rancho,Palizada,Campeche
24205,Ranchería,Palizada,Campeche
24205,Ranchería,Palizada,Campeche
24206,Rancho,Palizada,Campeche
24206,Hacienda,Palizada,Campeche
24206,Rancho,Palizada,Campeche
24206,Ranchería,Palizada,Campeche
24206,Rancho,Palizada,Campeche
24206,Rancho,Palizada,Campeche
24206,Rancho,Palizada,Campeche
24206,Ranchería,Palizada,Campeche
24206,Hacienda,Palizada,Campeche
24206,Rancho,Palizada,Campeche
24206,Rancho,Palizada,Campeche
24206,Rancho,Palizada,Campeche
24206,Ranchería,Palizada,Campeche
24206,Ranchería,Palizada,Campeche
24206,Ranchería,Palizada,Campeche
24206,Rancho,Palizada,Campeche
24207,Rancho,Palizada,Campeche
24207,Ranchería,Palizada,Campeche
24207,Rancho,Palizada,Campeche
24207,Rancho,Palizada,Campeche
24207,Ejido,Palizada,Campeche
24207,Rancho,Palizada,Campeche
24207,Rancho,Palizada,Campeche
24207,Ranchería,Palizada,Campeche
24207,Rancho,Palizada,Campeche
24207,Ranchería,Palizada,Campeche
24207,Ranchería,Palizada,Campeche
24207,Ranchería,Palizada,Campeche
24207,Rancho,Palizada,Campeche
24207,Rancho,Palizada,Campeche
24207,Rancho,Palizada,Campeche
24207,Rancho,Palizada,Campeche
24207,Ranchería,Palizada,Campeche
24207,Rancho,Palizada,Campeche
24207,Rancho,Palizada,Campeche
24207,Rancho,Palizada,Campeche
24207,Ranchería,Palizada,Campeche
24207,Rancho,Palizada,Campeche
24208,Rancho,Palizada,Campeche
24300,Colonia,Carmen,Campeche
24300,Colonia,Carmen,Campeche
24300,Pueblo,Carmen,Campeche
24300,Colonia,Carmen,Campeche
24300,Colonia,Carmen,Campeche
24300,Colonia,Carmen,Campeche
24304,Ranchería,Carmen,Campeche
24307,Ejido,Carmen,Campeche
24310,Ranchería,Carmen,Campeche
24310,Ranchería,Carmen,Campeche
24310,Ranchería,Carmen,Campeche
24310,Ejido,Carmen,Campeche
24310,Ranchería,Carmen,Campeche
24310,Ranchería,Carmen,Campeche
24310,Ranchería,Carmen,Campeche
24310,Ranchería,Carmen,Campeche
24310,Ranchería,Carmen,Campeche
24313,Ranchería,Carmen,Campeche
24313,Ejido,Carmen,Campeche
24313,Ranchería,Carmen,Campeche
24313,Pueblo,Carmen,Campeche
24313,Ranchería,Carmen,Campeche
24313,Pueblo,Carmen,Campeche
24313,Ranchería,Carmen,Campeche
24313,Ranchería,Carmen,Campeche
24313,Ranchería,Carmen,Campeche
24313,Pueblo,Carmen,Campeche
24313,Pueblo,Carmen,Campeche
24313,Pueblo,Carmen,Campeche
24313,Pueblo,Carmen,Campeche
24313,Pueblo,Carmen,Campeche
24314,Ejido,Carmen,Campeche
24314,Ranchería,Carmen,Campeche
24314,Ranchería,Carmen,Campeche
24314,Ranchería,Carmen,Campeche
24314,Ranchería,Carmen,Campeche
24314,Ejido,Carmen,Campeche
24314,Ejido,Carmen,Campeche
24315,Ranchería,Carmen,Campeche
24315,Ranchería,Carmen,Campeche
24315,Ejido,Carmen,Campeche
24315,Ranchería,Carmen,Campeche
24315,Pueblo,Carmen,Campeche
24315,Ranchería,Carmen,Campeche
24316,Ejido,Carmen,Campeche
24316,Ranchería,Carmen,Campeche
24316,Ranchería,Carmen,Campeche
24316,Ranchería,Carmen,Campeche
24316,Ejido,Carmen,Campeche
24316,Ejido,Carmen,Campeche
24316,Ranchería,Carmen,Campeche
24316,Ranchería,Carmen,Campeche
24316,Rancho,Carmen,Campeche
24316,Ranchería,Carmen,Campeche
24316,Ranchería,Carmen,Campeche
24316,Ejido,Carmen,Campeche
24316,Ranchería,Carmen,Campeche
24317,Pueblo,Carmen,Campeche
24317,Ejido,Carmen,Campeche
24317,Ranchería,Carmen,Campeche
24317,Ejido,Carmen,Campeche
24317,Ejido,Carmen,Campeche
24317,Ranchería,Carmen,Campeche
24317,Ejido,Carmen,Campeche
24317,Ranchería,Carmen,Campeche
24317,Ejido,Carmen,Campeche
24317,Ranchería,Carmen,Campeche
24317,Ejido,Carmen,Campeche
24320,Ranchería,Carmen,Campeche
24320,Pueblo,Carmen,Campeche
24320,Ejido,Carmen,Campeche
24320,Ranchería,Carmen,Campeche
24320,Ranchería,Carmen,Campeche
24320,Ranchería,Carmen,Campeche
24320,Ejido,Carmen,Campeche
24323,Ranchería,Carmen,Campeche
24323,Ranchería,Carmen,Campeche
24323,Ranchería,Carmen,Campeche
24323,Ranchería,Carmen,Campeche
24323,Ejido,Carmen,Campeche
24323,Ejido,Carmen,Campeche
24323,Ranchería,Carmen,Campeche
24323,Ranchería,Carmen,Campeche
24323,Ejido,Carmen,Campeche
24323,Ranchería,Carmen,Campeche
24323,Ejido,Carmen,Campeche
24323,Ejido,Carmen,Campeche
24323,Ranchería,Carmen,Campeche
24323,Ejido,Carmen,Campeche
24324,Rancho,Carmen,Campeche
24324,Ranchería,Carmen,Campeche
24324,Ranchería,Carmen,Campeche
24324,Ranchería,Carmen,Campeche
24324,Ejido,Carmen,Campeche
24324,Ranchería,Carmen,Campeche
24324,Ejido,Carmen,Campeche
24324,Ejido,Carmen,Campeche
24324,Ranchería,Carmen,Campeche
24324,Ranchería,Carmen,Campeche
24324,Ranchería,Carmen,Campeche
24324,Ranchería,Carmen,Campeche
24325,Ejido,Carmen,Campeche
24325,Zona industrial,Carmen,Campeche
24325,Ranchería,Carmen,Campeche
24325,Ranchería,Carmen,Campeche
24325,Ranchería,Carmen,Campeche
24325,Ranchería,Carmen,Campeche
24325,Ranchería,Carmen,Campeche
24325,Ranchería,Carmen,Campeche
24325,Ranchería,Carmen,Campeche
24325,Ranchería,Carmen,Campeche
24325,Ejido,Carmen,Campeche
24325,Ranchería,Carmen,Campeche
24325,Ranchería,Carmen,Campeche
24325,Pueblo,Carmen,Campeche
24326,Pueblo,Carmen,Campeche
24326,Ejido,Carmen,Campeche
24327,Ranchería,Carmen,Campeche
24327,Rancho,Carmen,Campeche
24327,Colonia,Carmen,Campeche
24327,Ranchería,Carmen,Campeche
24327,Ranchería,Carmen,Campeche
24327,Fraccionamiento,Carmen,Campeche
24327,Pueblo,Carmen,Campeche
24327,Ranchería,Carmen,Campeche
24327,Ranchería,Carmen,Campeche
24328,Pueblo,Carmen,Campeche
24328,Ranchería,Carmen,Campeche
24328,Ranchería,Carmen,Campeche
24328,Ranchería,Carmen,Campeche
24328,Ranchería,Carmen,Campeche
24330,Colonia,Candelaria,Campeche
24330,Colonia,Candelaria,Campeche
24330,Colonia,Candelaria,Campeche
24330,Colonia,Candelaria,Campeche
24330,Colonia,Candelaria,Campeche
24330,Colonia,Candelaria,Campeche
24330,Colonia,Candelaria,Campeche
24330,Colonia,Candelaria,Campeche
24333,Rancho,Candelaria,Campeche
24333,Rancho,Candelaria,Campeche
24333,Rancho,Candelaria,Campeche
24333,Pueblo,Candelaria,Campeche
24333,Ejido,Candelaria,Campeche
24333,Rancho,Candelaria,Campeche
24333,Ranchería,Candelaria,Campeche
24333,Rancho,Candelaria,Campeche
24333,Ranchería,Candelaria,Campeche
24333,Ranchería,Candelaria,Campeche
24333,Rancho,Candelaria,Campeche
24333,Ranchería,Candelaria,Campeche
24333,Rancho,Candelaria,Campeche
24333,Ejido,Candelaria,Campeche
24333,Ranchería,Candelaria,Campeche
24333,Ranchería,Candelaria,Campeche
24333,Rancho,Candelaria,Campeche
24333,Ranchería,Candelaria,Campeche
24333,Ranchería,Candelaria,Campeche
24334,Rancho,Candelaria,Campeche
24334,Ejido,Candelaria,Campeche
24334,Ejido,Candelaria,Campeche
24334,Ranchería,Candelaria,Campeche
24334,Ejido,Candelaria,Campeche
24334,Rancho,Candelaria,Campeche
24334,Ranchería,Candelaria,Campeche
24334,Ejido,Candelaria,Campeche
24334,Ejido,Candelaria,Campeche
24334,Ejido,Candelaria,Campeche
24334,Ranchería,Candelaria,Campeche
24334,Ejido,Candelaria,Campeche
24334,Pueblo,Candelaria,Campeche
24334,Ranchería,Candelaria,Campeche
24334,Ejido,Candelaria,Campeche
24335,Rancho,Candelaria,Campeche
24335,Ranchería,Candelaria,Campeche
24335,Ranchería,Candelaria,Campeche
24335,Ranchería,Candelaria,Campeche
24335,Rancho,Candelaria,Campeche
24335,Ranchería,Candelaria,Campeche
24335,Rancho,Candelaria,Campeche
24336,Rancho,Candelaria,Campeche
24336,Rancho,Candelaria,Campeche
24336,Ranchería,Candelaria,Campeche
24336,Ranchería,Candelaria,Campeche
24336,Rancho,Candelaria,Campeche
24336,Rancho,Candelaria,Campeche
24336,Ejido,Candelaria,Campeche
24336,Rancho,Candelaria,Campeche
24336,Ranchería,Candelaria,Campeche
24336,Ranchería,Candelaria,Campeche
24336,Ranchería,Candelaria,Campeche
24336,Rancho,Candelaria,Campeche
24336,Pueblo,Candelaria,Campeche
24336,Rancho,Candelaria,Campeche
24336,Ranchería,Candelaria,Campeche
24336,Rancho,Candelaria,Campeche
24336,Rancho,Candelaria,Campeche
24336,Rancho,Candelaria,Campeche
24336,Rancho,Candelaria,Campeche
24336,Ejido,Candelaria,Campeche
24336,Ranchería,Candelaria,Campeche
24336,Ranchería,Candelaria,Campeche
24336,Ranchería,Candelaria,Campeche
24336,Rancho,Candelaria,Campeche
24336,Rancho,Candelaria,Campeche
24337,Rancho,Candelaria,Campeche
24337,Ranchería,Candelaria,Campeche
24337,Rancho,Candelaria,Campeche
24337,Ranchería,Candelaria,Campeche
24337,Rancho,Candelaria,Campeche
24337,Rancho,Candelaria,Campeche
24337,Rancho,Candelaria,Campeche
24337,Rancho,Candelaria,Campeche
24337,Ranchería,Candelaria,Campeche
24337,Rancho,Candelaria,Campeche
24337,Ranchería,Candelaria,Campeche
24337,Rancho,Candelaria,Campeche
24337,Ranchería,Candelaria,Campeche
24337,Ejido,Candelaria,Campeche
24338,Rancho,Candelaria,Campeche
24338,Rancho,Candelaria,Campeche
24338,Ranchería,Candelaria,Campeche
24338,Ejido,Candelaria,Campeche
24338,Ranchería,Candelaria,Campeche
24338,Ranchería,Candelaria,Campeche
24338,Rancho,Candelaria,Campeche
24338,Ejido,Candelaria,Campeche
24338,Ejido,Candelaria,Campeche
24338,Ejido,Candelaria,Campeche
24342,Rancho,Candelaria,Campeche
24342,Rancho,Candelaria,Campeche
24342,Ranchería,Candelaria,Campeche
24342,Rancho,Candelaria,Campeche
24342,Ranchería,Candelaria,Campeche
24342,Rancho,Candelaria,Campeche
24342,Ranchería,Candelaria,Campeche
24342,Rancho,Candelaria,Campeche
24342,Ranchería,Candelaria,Campeche
24342,Rancho,Candelaria,Campeche
24342,Ranchería,Candelaria,Campeche
24343,Ejido,Candelaria,Campeche
24343,Rancho,Candelaria,Campeche
24343,Rancho,Candelaria,Campeche
24343,Ranchería,Candelaria,Campeche
24343,Ranchería,Candelaria,Campeche
24343,Ejido,Candelaria,Campeche
24343,Ranchería,Candelaria,Campeche
24343,Ejido,Candelaria,Campeche
24343,Rancho,Candelaria,Campeche
24343,Ranchería,Candelaria,Campeche
24343,Ranchería,Candelaria,Campeche
24343,Ejido,Candelaria,Campeche
24343,Rancho,Candelaria,Campeche
24343,Rancho,Candelaria,Campeche
24343,Rancho,Candelaria,Campeche
24343,Pueblo,Candelaria,Campeche
24343,Ranchería,Candelaria,Campeche
24343,Pueblo,Candelaria,Campeche
24343,Rancho,Candelaria,Campeche
24343,Ranchería,Candelaria,Campeche
24343,Rancho,Candelaria,Campeche
24343,Ranchería,Candelaria,Campeche
24344,Rancho,Candelaria,Campeche
24344,Pueblo,Candelaria,Campeche
24344,Rancho,Candelaria,Campeche
24344,Rancho,Candelaria,Campeche
24344,Ejido,Candelaria,Campeche
24344,Rancho,Candelaria,Campeche
24344,Rancho,Candelaria,Campeche
24344,Ranchería,Candelaria,Campeche
24344,Ranchería,Candelaria,Campeche
24344,Rancho,Candelaria,Campeche
24344,Rancho,Candelaria,Campeche
24344,Rancho,Candelaria,Campeche
24344,Ranchería,Candelaria,Campeche
24345,Rancho,Candelaria,Campeche
24345,Pueblo,Candelaria,Campeche
24345,Ranchería,Candelaria,Campeche
24345,Rancho,Candelaria,Campeche
24345,Ranchería,Candelaria,Campeche
24345,Pueblo,Candelaria,Campeche
24345,Rancho,Candelaria,Campeche
24345,Ranchería,Candelaria,Campeche
24345,Ranchería,Candelaria,Campeche
24345,Ranchería,Candelaria,Campeche
24345,Ejido,Candelaria,Campeche
24345,Rancho,Candelaria,Campeche
24345,Ranchería,Candelaria,Campeche
24345,Pueblo,Candelaria,Campeche
24345,Rancho,Candelaria,Campeche
24345,Ranchería,Candelaria,Campeche
24346,Ranchería,Candelaria,Campeche
24346,Ranchería,Candelaria,Campeche
24346,Rancho,Candelaria,Campeche
24346,Ranchería,Candelaria,Campeche
24346,Ranchería,Candelaria,Campeche
24346,Ejido,Candelaria,Campeche
24346,Ranchería,Candelaria,Campeche
24346,Ejido,Candelaria,Campeche
24346,Rancho,Candelaria,Campeche
24346,Ranchería,Candelaria,Campeche
24346,Ranchería,Candelaria,Campeche
24346,Ranchería,Candelaria,Campeche
24347,Ejido,Candelaria,Campeche
24347,Ranchería,Candelaria,Campeche
24347,Rancho,Candelaria,Campeche
24347,Rancho,Candelaria,Campeche
24347,Rancho,Candelaria,Campeche
24347,Ejido,Candelaria,Campeche
24347,Pueblo,Candelaria,Campeche
24347,Ranchería,Candelaria,Campeche
24347,Ejido,Candelaria,Campeche
24347,Rancho,Candelaria,Campeche
24347,Ranchería,Candelaria,Campeche
24347,Ejido,Candelaria,Campeche
24347,Ejido,Candelaria,Campeche
24347,Ejido,Candelaria,Campeche
24348,Pueblo,Candelaria,Campeche
24348,Rancho,Candelaria,Campeche
24348,Ranchería,Candelaria,Campeche
24348,Rancho,Candelaria,Campeche
24348,Ejido,Candelaria,Campeche
24348,Pueblo,Candelaria,Campeche
24348,Pueblo,Candelaria,Campeche
24348,Ejido,Candelaria,Campeche
24348,Rancho,Candelaria,Campeche
24348,Pueblo,Candelaria,Campeche
24348,Rancho,Candelaria,Campeche
24350,Colonia,Escárcega,Campeche
24350,Colonia,Escárcega,Campeche
24350,Colonia,Escárcega,Campeche
24350,Colonia,Escárcega,Campeche
24350,Colonia,Escárcega,Campeche
24350,Colonia,Escárcega,Campeche
24350,Colonia,Escárcega,Campeche
24350,Colonia,Escárcega,Campeche
24350,Colonia,Escárcega,Campeche
24350,Colonia,Escárcega,Campeche
24350,Colonia,Escárcega,Campeche
24350,Colonia,Escárcega,Campeche
24350,Colonia,Escárcega,Campeche
24350,Colonia,Escárcega,Campeche
24350,Colonia,Escárcega,Campeche
24350,Colonia,Escárcega,Campeche
24350,Fraccionamiento,Escárcega,Campeche
24350,Colonia,Escárcega,Campeche
24350,Colonia,Escárcega,Campeche
24350,Colonia,Escárcega,Campeche
24353,Ejido,Escárcega,Campeche
24353,Ranchería,Escárcega,Campeche
24353,Ejido,Escárcega,Campeche
24353,Ejido,Escárcega,Campeche
24353,Ejido,Escárcega,Campeche
24353,Ejido,Escárcega,Campeche
24354,Ejido,Escárcega,Campeche
24354,Pueblo,Escárcega,Campeche
24354,Ejido,Escárcega,Campeche
24354,Ejido,Escárcega,Campeche
24355,Ejido,Escárcega,Campeche
24356,Ejido,Escárcega,Campeche
24357,Ejido,Escárcega,Campeche
24357,Ejido,Escárcega,Campeche
24357,Ejido,Escárcega,Campeche
24357,Ejido,Escárcega,Campeche
24357,Ejido,Escárcega,Campeche
24357,Ejido,Escárcega,Campeche
24358,Ejido,Escárcega,Campeche
24358,Ranchería,Escárcega,Campeche
24358,Ejido,Escárcega,Campeche
24358,Ejido,Escárcega,Campeche
24358,Ejido,Escárcega,Campeche
24358,Ejido,Escárcega,Campeche
24358,Ejido,Escárcega,Campeche
24358,Ejido,Escárcega,Campeche
24364,Ejido,Escárcega,Campeche
24364,Ranchería,Escárcega,Campeche
24364,Ejido,Escárcega,Campeche
24364,Ejido,Escárcega,Campeche
24364,Ejido,Escárcega,Campeche
24364,Ranchería,Escárcega,Campeche
24365,Ejido,Escárcega,Campeche
24365,Ejido,Escárcega,Campeche
24365,Ejido,Escárcega,Campeche
24366,Ejido,Escárcega,Campeche
24366,Ejido,Escárcega,Campeche
24366,Ejido,Escárcega,Campeche
24366,Ejido,Escárcega,Campeche
24366,Ejido,Escárcega,Campeche
24367,Ejido,Escárcega,Campeche
24367,Ejido,Escárcega,Campeche
24367,Ranchería,Escárcega,Campeche
24367,Ejido,Escárcega,Campeche
24367,Ejido,Escárcega,Campeche
24367,Ejido,Escárcega,Campeche
24368,Ejido,Escárcega,Campeche
24368,Ranchería,Escárcega,Campeche
24368,Ejido,Escárcega,Campeche
24368,Ranchería,Escárcega,Campeche
24369,Ejido,Escárcega,Campeche
24369,Ranchería,Escárcega,Campeche
24369,Ejido,Escárcega,Campeche
24369,Ejido,Escárcega,Campeche
24369,Ejido,Escárcega,Campeche
24370,Ejido,Escárcega,Campeche
24370,Ejido,Escárcega,Campeche
24370,Ejido,Escárcega,Campeche
24370,Pueblo,Escárcega,Campeche
24370,Pueblo,Escárcega,Campeche
24370,Ejido,Escárcega,Campeche
24370,Ejido,Escárcega,Campeche
24372,Ejido,Escárcega,Campeche
24373,Ranchería,Escárcega,Campeche
24373,Ranchería,Escárcega,Campeche
24373,Ejido,Escárcega,Campeche
24374,Ranchería,Escárcega,Campeche
24374,Ejido,Escárcega,Campeche
24374,Ejido,Escárcega,Campeche
24374,Ejido,Escárcega,Campeche
24374,Ejido,Escárcega,Campeche
24375,Ejido,Escárcega,Campeche
24375,Ranchería,Escárcega,Campeche
24375,Ejido,Escárcega,Campeche
24376,Ejido,Escárcega,Campeche
24377,Ejido,Escárcega,Campeche
24400,Colonia,Champotón,Campeche
24400,Colonia,Champotón,Campeche
24400,Colonia,Champotón,Campeche
24400,Colonia,Champotón,Campeche
24400,Fraccionamiento,Champotón,Campeche
24400,Unidad habitacional,Champotón,Campeche
24400,Colonia,Champotón,Campeche
24400,Colonia,Champotón,Campeche
24400,Colonia,Champotón,Campeche
24400,Colonia,Champotón,Campeche
24400,Colonia,Champotón,Campeche
24400,Colonia,Champotón,Campeche
24400,Colonia,Champotón,Campeche
24400,Colonia,Champotón,Campeche
24400,Colonia,Champotón,Campeche
24400,Colonia,Champotón,Campeche
24400,Colonia,Champotón,Campeche
24400,Colonia,Champotón,Campeche
24400,Colonia,Champotón,Campeche
24400,Colonia,Champotón,Campeche
24400,Colonia,Champotón,Campeche
24400,Colonia,Champotón,Campeche
24400,Colonia,Champotón,Campeche
24400,Colonia,Champotón,Campeche
24400,Colonia,Champotón,Campeche
24400,Colonia,Champotón,Campeche
24400,Colonia,Champotón,Campeche
24400,Colonia,Champotón,Campeche
24400,Unidad habitacional,Champotón,Campeche
24400,Colonia,Champotón,Campeche
24400,Colonia,Champotón,Campeche
24400,Colonia,Champotón,Campeche
24400,Colonia,Champotón,Campeche
24400,Unidad habitacional,Champotón,Campeche
24400,Colonia,Champotón,Campeche
24400,Colonia,Champotón,Campeche
24400,Colonia,Champotón,Campeche
24400,Colonia,Champotón,Campeche
24400,Colonia,Champotón,Campeche
24400,Unidad habitacional,Champotón,Campeche
24400,Colonia,Champotón,Campeche
24400,Colonia,Champotón,Campeche
24400,Colonia,Champotón,Campeche
24400,Colonia,Champotón,Campeche
24400,Colonia,Champotón,Campeche
24400,Colonia,Champotón,Campeche
24400,Colonia,Champotón,Campeche
24400,Ejido,Champotón,Campeche
24400,Colonia,Champotón,Campeche
24402,Pueblo,Champotón,Campeche
24402,Ejido,Champotón,Campeche
24402,Pueblo,Champotón,Campeche
24402,Ejido,Champotón,Campeche
24402,Ejido,Champotón,Campeche
24403,Pueblo,Champotón,Campeche
24403,Ranchería,Champotón,Campeche
24404,Ejido,Champotón,Campeche
24404,Ranchería,Champotón,Campeche
24404,Ranchería,Champotón,Campeche
24405,Ejido,Champotón,Campeche
24410,Ejido,Champotón,Campeche
24410,Ejido,Champotón,Campeche
24410,Ejido,Champotón,Campeche
24410,Ejido,Champotón,Campeche
24410,Ejido,Champotón,Campeche
24410,Ejido,Champotón,Campeche
24410,Ejido,Champotón,Campeche
24410,Ranchería,Champotón,Campeche
24410,Ejido,Champotón,Campeche
24410,Ejido,Champotón,Campeche
24410,Ejido,Champotón,Campeche
24410,Ejido,Champotón,Campeche
24410,Ejido,Champotón,Campeche
24410,Ejido,Champotón,Campeche
24411,Ranchería,Champotón,Campeche
24411,Ejido,Champotón,Campeche
24413,Pueblo,Champotón,Campeche
24413,Ejido,Champotón,Campeche
24414,Ejido,Champotón,Campeche
24414,Ejido,Champotón,Campeche
24414,Ejido,Champotón,Campeche
24414,Ejido,Champotón,Campeche
24414,Ejido,Champotón,Campeche
24414,Ejido,Champotón,Campeche
24414,Pueblo,Champotón,Campeche
24414,Ejido,Champotón,Campeche
24414,Ejido,Champotón,Campeche
24415,Pueblo,Champotón,Campeche
24415,Ranchería,Champotón,Campeche
24416,Ejido,Champotón,Campeche
24418,Ranchería,Champotón,Campeche
24418,Ejido,Champotón,Campeche
24418,Ejido,Champotón,Campeche
24419,Ejido,Champotón,Campeche
24420,Ejido,Champotón,Campeche
24420,Ejido,Champotón,Campeche
24421,Ejido,Champotón,Campeche
24423,Hacienda,Champotón,Campeche
24424,Ejido,Champotón,Campeche
24424,Ejido,Champotón,Campeche
24424,Ejido,Champotón,Campeche
24425,Ranchería,Champotón,Campeche
24425,Ranchería,Champotón,Campeche
24430,Ranchería,Champotón,Campeche
24433,Ejido,Champotón,Campeche
24435,Ejido,Champotón,Campeche
24435,Ranchería,Champotón,Campeche
24440,Pueblo,Champotón,Campeche
24440,Ejido,Champotón,Campeche
24441,Ejido,Champotón,Campeche
24443,Ejido,Champotón,Campeche
24443,Ejido,Champotón,Campeche
24443,Ejido,Champotón,Campeche
24443,Ejido,Champotón,Campeche
24443,Ejido,Champotón,Campeche
24443,Ejido,Champotón,Campeche
24445,Ejido,Champotón,Campeche
24445,Ejido,Champotón,Campeche
24445,Ejido,Champotón,Campeche
24450,Pueblo,Champotón,Campeche
24451,Ingenio,Champotón,Campeche
24459,Pueblo,Champotón,Campeche
24460,Villa,Champotón,Campeche
24460,Ranchería,Champotón,Campeche
24460,Ranchería,Champotón,Campeche
24462,Hacienda,Champotón,Campeche
24462,Ejido,Champotón,Campeche
24464,Pueblo,Champotón,Campeche
24482,Ejido,Champotón,Campeche
24495,Ranchería,Champotón,Campeche
24500,Colonia,Campeche,Campeche
24500,Colonia,Campeche,Campeche
24500,Zona comercial,Campeche,Campeche
24500,Colonia,Campeche,Campeche
24500,Unidad habitacional,Campeche,Campeche
24500,Colonia,Campeche,Campeche
24500,Colonia,Campeche,Campeche
24500,Colonia,Campeche,Campeche
24500,Colonia,Campeche,Campeche
24500,Colonia,Campeche,Campeche
24500,Colonia,Campeche,Campeche
24500,Colonia,Campeche,Campeche
24500,Colonia,Campeche,Campeche
24500,Colonia,Campeche,Campeche
24500,Colonia,Campeche,Campeche
24500,Zona industrial,Campeche,Campeche
24500,Fraccionamiento,Campeche,Campeche
24500,Unidad habitacional,Campeche,Campeche
24510,Ejido,Campeche,Campeche
24511,Ejido,Campeche,Campeche
24517,Ejido,Campeche,Campeche
24520,Ejido,Campeche,Campeche
24520,Ejido,Campeche,Campeche
24520,Ejido,Campeche,Campeche
24520,Ejido,Campeche,Campeche
24522,Ejido,Campeche,Campeche
24523,Ejido,Campeche,Campeche
24523,Ejido,Campeche,Campeche
24530,Ejido,Campeche,Campeche
24530,Ejido,Campeche,Campeche
24532,Ejido,Campeche,Campeche
24536,Ejido,Campeche,Campeche
24537,Ejido,Campeche,Campeche
24538,Ejido,Campeche,Campeche
24540,Ejido,Campeche,Campeche
24541,Ejido,Campeche,Campeche
24550,Ejido,Campeche,Campeche
24550,Ejido,Campeche,Campeche
24550,Ejido,Campeche,Campeche
24552,Ejido,Campeche,Campeche
24553,Ejido,Campeche,Campeche
24557,Ejido,Campeche,Campeche
24560,Ejido,Campeche,Campeche
24560,Ejido,Campeche,Campeche
24560,Ejido,Campeche,Campeche
24561,Gran usuario,Campeche,Campeche
24562,Ejido,Campeche,Campeche
24564,Ejido,Campeche,Campeche
24570,Pueblo,Campeche,Campeche
24570,Pueblo,Campeche,Campeche
24570,Ejido,Campeche,Campeche
24570,Hacienda,Campeche,Campeche
24570,Ejido,Campeche,Campeche
24570,Ejido,Campeche,Campeche
24570,Ejido,Campeche,Campeche
24572,Ejido,Campeche,Campeche
24572,Ejido,Campeche,Campeche
24573,Ejido,Campeche,Campeche
24573,Ejido,Campeche,Campeche
24573,Ejido,Campeche,Campeche
24573,Ejido,Campeche,Campeche
24575,Ejido,Campeche,Campeche
24576,Ejido,Campeche,Campeche
24600,Colonia,Hopelchén,Campeche
24600,Colonia,Hopelchén,Campeche
24600,Colonia,Hopelchén,Campeche
24600,Colonia,Hopelchén,Campeche
24600,Colonia,Hopelchén,Campeche
24600,Colonia,Hopelchén,Campeche
24600,Colonia,Hopelchén,Campeche
24600,Colonia,Hopelchén,Campeche
24600,Colonia,Hopelchén,Campeche
24600,Colonia,Hopelchén,Campeche
24600,Colonia,Hopelchén,Campeche
24603,Ranchería,Hopelchén,Campeche
24603,Ranchería,Hopelchén,Campeche
24603,Ejido,Hopelchén,Campeche
24603,Ejido,Hopelchén,Campeche
24604,Ejido,Hopelchén,Campeche
24604,Ranchería,Hopelchén,Campeche
24604,Pueblo,Hopelchén,Campeche
24604,Ejido,Hopelchén,Campeche
24604,Pueblo,Hopelchén,Campeche
24604,Pueblo,Hopelchén,Campeche
24605,Ranchería,Hopelchén,Campeche
24606,Pueblo,Hopelchén,Campeche
24607,Ranchería,Hopelchén,Campeche
24609,Ranchería,Hopelchén,Campeche
24610,Ranchería,Hopelchén,Campeche
24610,Ranchería,Hopelchén,Campeche
24611,Pueblo,Hopelchén,Campeche
24612,Ranchería,Hopelchén,Campeche
24612,Ranchería,Hopelchén,Campeche
24612,Ranchería,Hopelchén,Campeche
24613,Pueblo,Hopelchén,Campeche
24615,Pueblo,Hopelchén,Campeche
24620,Ejido,Hopelchén,Campeche
24620,Villa,Hopelchén,Campeche
24620,Ejido,Hopelchén,Campeche
24622,Ranchería,Hopelchén,Campeche
24622,Ranchería,Hopelchén,Campeche
24622,Ranchería,Hopelchén,Campeche
24622,Ejido,Hopelchén,Campeche
24622,Ranchería,Hopelchén,Campeche
24640,Pueblo,Calakmul,Campeche
24640,Colonia,Calakmul,Campeche
24640,Colonia,Calakmul,Campeche
24640,Colonia,Calakmul,Campeche
24640,Colonia,Calakmul,Campeche
24640,Colonia,Calakmul,Campeche
24640,Colonia,Calakmul,Campeche
24643,Ranchería,Calakmul,Campeche
24643,Ejido,Calakmul,Campeche
24643,Ejido,Calakmul,Campeche
24643,Ejido,Calakmul,Campeche
24643,Ranchería,Calakmul,Campeche
24644,Pueblo,Calakmul,Campeche
24644,Ejido,Calakmul,Campeche
24644,Ejido,Calakmul,Campeche
24644,Ejido,Calakmul,Campeche
24644,Ranchería,Calakmul,Campeche
24644,Ejido,Calakmul,Campeche
24644,Ranchería,Calakmul,Campeche
24644,Ranchería,Calakmul,Campeche
24644,Ranchería,Calakmul,Campeche
24645,Ejido,Calakmul,Campeche
24645,Ejido,Calakmul,Campeche
24645,Ejido,Calakmul,Campeche
24645,Ejido,Calakmul,Campeche
24645,Ranchería,Calakmul,Campeche
24645,Ranchería,Calakmul,Campeche
24645,Ranchería,Calakmul,Campeche
24645,Ejido,Calakmul,Campeche
24645,Ranchería,Calakmul,Campeche
24645,Ranchería,Calakmul,Campeche
24645,Ranchería,Calakmul,Campeche
24645,Ranchería,Calakmul,Campeche
24645,Ejido,Calakmul,Campeche
24645,Ejido,Calakmul,Campeche
24645,Ejido,Calakmul,Campeche
24645,Ranchería,Calakmul,Campeche
24645,Ejido,Calakmul,Campeche
24645,Ranchería,Calakmul,Campeche
24645,Ejido,Calakmul,Campeche
24645,Ejido,Calakmul,Campeche
24646,Ranchería,Calakmul,Campeche
24646,Ranchería,Calakmul,Campeche
24646,Ranchería,Calakmul,Campeche
24646,Ejido,Calakmul,Campeche
24646,Ejido,Calakmul,Campeche
24646,Ejido,Calakmul,Campeche
24646,Ejido,Calakmul,Campeche
24646,Ranchería,Calakmul,Campeche
24646,Ejido,Calakmul,Campeche
24646,Ejido,Calakmul,Campeche
24646,Ejido,Calakmul,Campeche
24646,Ranchería,Calakmul,Campeche
24646,Ranchería,Calakmul,Campeche
24646,Ejido,Calakmul,Campeche
24646,Ranchería,Calakmul,Campeche
24646,Ejido,Calakmul,Campeche
24646,Ejido,Calakmul,Campeche
24646,Ejido,Calakmul,Campeche
24646,Ranchería,Calakmul,Campeche
24646,Ejido,Calakmul,Campeche
24647,Ranchería,Calakmul,Campeche
24647,Ranchería,Calakmul,Campeche
24647,Ejido,Calakmul,Campeche
24647,Ranchería,Calakmul,Campeche
24647,Ejido,Calakmul,Campeche
24647,Ejido,Calakmul,Campeche
24647,Ejido,Calakmul,Campeche
24647,Ejido,Calakmul,Campeche
24648,Ejido,Calakmul,Campeche
24648,Ejido,Calakmul,Campeche
24648,Ejido,Calakmul,Campeche
24648,Ranchería,Calakmul,Campeche
24648,Ejido,Calakmul,Campeche
24648,Ejido,Calakmul,Campeche
24648,Ejido,Calakmul,Campeche
24648,Ejido,Calakmul,Campeche
24653,Ejido,Calakmul,Campeche
24653,Ranchería,Calakmul,Campeche
24653,Ejido,Calakmul,Campeche
24654,Ejido,Calakmul,Campeche
24654,Ejido,Calakmul,Campeche
24654,Ejido,Calakmul,Campeche
24654,Ejido,Calakmul,Campeche
24654,Ejido,Calakmul,Campeche
24655,Ejido,Calakmul,Campeche
24655,Ranchería,Calakmul,Campeche
24655,Ranchería,Calakmul,Campeche
24656,Ranchería,Calakmul,Campeche
24656,Ranchería,Calakmul,Campeche
24658,Ejido,Calakmul,Campeche
24658,Ejido,Calakmul,Campeche
24658,Ejido,Calakmul,Campeche
24658,Ranchería,Calakmul,Campeche
24660,Pueblo,Hopelchén,Campeche
24663,Ejido,Hopelchén,Campeche
24665,Ejido,Hopelchén,Campeche
24667,Ejido,Hopelchén,Campeche
24667,Ejido,Hopelchén,Campeche
24668,Ejido,Hopelchén,Campeche
24670,Ranchería,Hopelchén,Campeche
24678,Ejido,Hopelchén,Campeche
24700,Colonia,Tenabo,Campeche
24703,Barrio,Tenabo,Campeche
24704,Barrio,Tenabo,Campeche
24705,Barrio,Tenabo,Campeche
24706,Barrio,Tenabo,Campeche
24706,Barrio,Tenabo,Campeche
24706,Barrio,Tenabo,Campeche
24707,Barrio,Tenabo,Campeche
24720,Pueblo,Tenabo,Campeche
24723,Ejido,Tenabo,Campeche
24730,Pueblo,Tenabo,Campeche
24732,Ejido,Tenabo,Campeche
24732,Ejido,Tenabo,Campeche
24732,Ejido,Tenabo,Campeche
24733,Ejido,Tenabo,Campeche
24733,Ejido,Tenabo,Campeche
24734,Ejido,Tenabo,Campeche
24734,Ejido,Tenabo,Campeche
24800,Colonia,Hecelchakán,Campeche
24800,Barrio,Hecelchakán,Campeche
24800,Fraccionamiento,Hecelchakán,Campeche
24800,Barrio,Hecelchakán,Campeche
24800,Colonia,Hecelchakán,Campeche
24800,Barrio,Hecelchakán,Campeche
24800,Fraccionamiento,Hecelchakán,Campeche
24810,Colonia,Hecelchakán,Campeche
24810,Colonia,Hecelchakán,Campeche
24810,Colonia,Hecelchakán,Campeche
24810,Colonia,Hecelchakán,Campeche
24810,Colonia,Hecelchakán,Campeche
24810,Colonia,Hecelchakán,Campeche
24810,Colonia,Hecelchakán,Campeche
24810,Colonia,Hecelchakán,Campeche
24810,Colonia,Hecelchakán,Campeche
24813,Pueblo,Hecelchakán,Campeche
24820,Pueblo,Hecelchakán,Campeche
24826,Pueblo,Hecelchakán,Campeche
24828,Pueblo,Hecelchakán,Campeche
24830,Ejido,Hecelchakán,Campeche
24830,Pueblo,Hecelchakán,Campeche
24831,Pueblo,Hecelchakán,Campeche
24836,Pueblo,Hecelchakán,Campeche
24837,Pueblo,Hecelchakán,Campeche
24837,Ejido,Hecelchakán,Campeche
24839,Pueblo,Hecelchakán,Campeche
24860,Ejido,Hecelchakán,Campeche
24863,Ejido,Hecelchakán,Campeche
24863,Ejido,Hecelchakán,Campeche
24863,Ejido,Hecelchakán,Campeche
24900,Colonia,Calkiní,Campeche
24902,Barrio,Calkiní,Campeche
24902,Barrio,Calkiní,Campeche
24902,Colonia,Calkiní,Campeche
24902,Unidad habitacional,Calkiní,Campeche
24903,Barrio,Calkiní,Campeche
24903,Barrio,Calkiní,Campeche
24903,Barrio,Calkiní,Campeche
24903,Barrio,Calkiní,Campeche
24903,Barrio,Calkiní,Campeche
24904,Fraccionamiento,Calkiní,Campeche
24904,Barrio,Calkiní,Campeche
24904,Barrio,Calkiní,Campeche
24905,Pueblo,Calkiní,Campeche
24910,Pueblo,Calkiní,Campeche
24914,Congregación,Calkiní,Campeche
24915,Hacienda,Calkiní,Campeche
24915,Pueblo,Calkiní,Campeche
24916,Hacienda,Calkiní,Campeche
24917,Pueblo,Calkiní,Campeche
24919,Villa,Calkiní,Campeche
24920,Pueblo,Calkiní,Campeche
24920,Ejido,Calkiní,Campeche
24921,Pueblo,Calkiní,Campeche
24922,Ranchería,Calkiní,Campeche
24923,Ranchería,Calkiní,Campeche
24923,Ejido,Calkiní,Campeche
24925,Pueblo,Calkiní,Campeche
24929,Ejido,Calkiní,Campeche
24929,Pueblo,Calkiní,Campeche
24930,Pueblo,Calkiní,Campeche
24933,Barrio,Calkiní,Campeche
24933,Barrio,Calkiní,Campeche
24934,Barrio,Calkiní,Campeche
24935,Barrio,Calkiní,Campeche
24935,Barrio,Calkiní,Campeche
24935,Barrio,Calkiní,Campeche
24935,Barrio,Calkiní,Campeche
24936,Barrio,Calkiní,Campeche
24936,Barrio,Calkiní,Campeche
