28000,Colima Centro,Colima,Colima
28010,El Diezmo,Colima,Colima
28010,Lomas de Circunvalación,Colima,Colima
28012,ISSSTE Lomas,Colima,Colima
28014,Jardines de las Lomas,Colima,Colima
28016,Lomas Vistahermosa,Colima,Colima
28017,Lomas del Valle,Colima,Colima
28017,Residencial Esmeralda,Colima,Colima
28017,Villas Colinas,Colima,Colima
28017,Residencial Victoria,Colima,Colima
28017,Residencial Valle Verde,Colima,Colima
28017,Residencial Esmeralda Norte,Colima,Colima
28017,Bugambilias,Colima,Colima
28017,Villanova,Colima,Colima
28017,Residencial Real Santa Bárbara,Colima,Colima
28017,Paseo de la Cantera,Colima,Colima
28017,Parque Royal,Colima,Colima
28017,Residencial Santa Bárbara,Colima,Colima
28017,Residencial Los Olivos,Colima,Colima
28017,Lomas Verdes,Colima,Colima
28017,Jardines de La Hacienda,Colima,Colima
28017,Colinas de Santa Fe,Colima,Colima
28017,Jardines Vista Hermosa,Colima,Colima
28017,Residencial Puerta del Sol,Colima,Colima
28017,Rincón del Colibrí,Colima,Colima
28017,Privada San Rafael,Colima,Colima
28017,Colinas de Santa Bárbara,Colima,Colima
28017,Las Palmas,Colima,Colima
28017,Paseo de la Hacienda,Colima,Colima
28017,Santa Gertrudis,Colima,Colima
28018,Puerta Paraíso,Colima,Colima
28018,Girasoles,Colima,Colima
28018,Las Pérgolas,Colima,Colima
28018,Real Vista Hermosa,Colima,Colima
28018,La Cantera,Colima,Colima
28018,Residencial Santa María,Colima,Colima
28018,Valle Dorado,Colima,Colima
28018,Hacienda Real,Colima,Colima
28018,Real Vista Hermosa III,Colima,Colima
28019,El Porvenir,Colima,Colima
28020,La Armonía,Colima,Colima
28023,Jardines de Guadalupe,Colima,Colima
28025,Niños Héroes,Colima,Colima
28025,Villa los Prados,Colima,Colima
28030,Guadalajarita,Colima,Colima
28030,Militar Lomas,Colima,Colima
28030,Morelos,Colima,Colima
28030,Jardines Residenciales,Colima,Colima
28030,Jardines de La Corregidora,Colima,Colima
28030,Magisterial,Colima,Colima
28035,Huertas del Sol,Colima,Colima
28037,Hidalgo,Colima,Colima
28040,Burócratas Municipales,Colima,Colima
28040,Las Víboras,Colima,Colima
28040,Camino Real,Colima,Colima
28040,INFONAVIT La Estancia,Colima,Colima
28043,INFONAVIT Camino Real,Colima,Colima
28044,FOVISSSTE,Colima,Colima
28045,Villa San Sebastián,Colima,Colima
28046,Oriental,Colima,Colima
28047,Jardines de La Estancia,Colima,Colima
28047,IKAL,Colima,Colima
28047,Unidad Antorchista,Colima,Colima
28047,Rivera del Jazmín,Colima,Colima
28047,El Mirador de Colima,Colima,Colima
28047,Revolución,Colima,Colima
28047,San José Norte,Colima,Colima
28047,Villa de los Pinos,Colima,Colima
28047,Camino Real,Colima,Colima
28047,Josefa Ortiz de Domínguez,Colima,Colima
28047,La Virgencita,Colima,Colima
28047,Santa Elena,Colima,Colima
28047,Margaritas,Colima,Colima
28047,Luis Donaldo Colosio,Colima,Colima
28047,Las Américas,Colima,Colima
28047,Andares del Jazmín,Colima,Colima
28047,Lázaro Cárdenas,Colima,Colima
28047,Real la Floresta,Colima,Colima
28047,Diamantes,Colima,Colima
28047,Lomas de Santa Elena,Colima,Colima
28047,Francisco I Madero,Colima,Colima
28048,San José Sur,Colima,Colima
28048,Santa Amalia,Colima,Colima
28048,Vicente Guerrero,Colima,Colima
28048,Insurgentes,Colima,Colima
28048,La Estancia,Colima,Colima
28048,Nuevo Paraíso,Colima,Colima
28048,El Pedregal,Colima,Colima
28048,Moctezuma,Colima,Colima
28048,Mirador de La Cumbre II,Colima,Colima
28048,Mirador de La Cumbre III,Colima,Colima
28048,Cuauhtémoc,Colima,Colima
28048,Nuevo Milenio,Colima,Colima
28048,Mirador de La Cumbre,Colima,Colima
28048,Los Jazmines,Colima,Colima
28048,Los Ángeles,Colima,Colima
28048,San Rafael,Colima,Colima
28048,La Guadalupe,Colima,Colima
28048,Paraíso,Colima,Colima
28048,Gustavo Vázquez Montes,Colima,Colima
28048,Ignacio Zaragoza,Colima,Colima
28048,Jardines del Sol,Colima,Colima
28050,Rincón del Bosque,Colima,Colima
28050,Villas del Bosque,Colima,Colima
28050,Placetas Estadio,Colima,Colima
28050,Villas Primaveras,Colima,Colima
28050,Privada San Francisco,Colima,Colima
28050,Fátima,Colima,Colima
28060,El Moralete,Colima,Colima
28060,Residencial San Pablo,Colima,Colima
28063,Francisco Villa,Colima,Colima
28063,Santa Gertrudis,Colima,Colima
28063,Los Volcanes,Colima,Colima
28063,Rinconada San Pablo,Colima,Colima
28063,San Carlos,Colima,Colima
28063,Las Haciendas,Colima,Colima
28067,De los Trabajadores,Colima,Colima
28068,Villa Verde,Colima,Colima
28070,Los Viveros,Colima,Colima
28070,Del Periodista,Colima,Colima
28070,Popular,Colima,Colima
28070,Benito Juárez,Colima,Colima
28075,Parque Industrial,Colima,Colima
28077,José Pimentel Llerenas,Colima,Colima
28077,Arboledas,Colima,Colima
28077,Rinconada del Pereyra,Colima,Colima
28078,INDECO Albarrada,Colima,Colima
28078,Residencial Prados del Sur,Colima,Colima
28078,La Rivera,Colima,Colima
28078,Real de Don Juan,Colima,Colima
28078,Jardines de las Fuentes,Colima,Colima
28078,El Yaqui,Colima,Colima
28078,Arboledas de La Hacienda,Colima,Colima
28078,El Prado,Colima,Colima
28078,Las Fuentes,Colima,Colima
28078,Valle Real,Colima,Colima
28078,La Albarrada,Colima,Colima
28079,Villas del Sur,Colima,Colima
28079,Puerta del Valle,Colima,Colima
28079,Parajes del Sur,Colima,Colima
28079,Gregorio Torres Quintero,Colima,Colima
28080,El Tivoli,Colima,Colima
28085,Los Sauces,Colima,Colima
28085,Juana de Asbaje,Colima,Colima
28085,La Esperanza,Colima,Colima
28089,Leonardo B Gutiérrez,Colima,Colima
28089,Quinta El Tívoli,Colima,Colima
28089,Bosques del Sur,Colima,Colima
28090,Las Bugambilias,Colima,Colima
28090,El Tecolote,Colima,Colima
28100,Tecomán Centro,Tecomán,Colima
28110,Reyes Heroles,Tecomán,Colima
28110,Tepeyac,Tecomán,Colima
28110,Manuel Alvarez,Tecomán,Colima
28110,Miguel Hidalgo,Tecomán,Colima
28110,Josefa Ortiz de Domínguez,Tecomán,Colima
28113,Elba Cecilia Vega,Tecomán,Colima
28114,Amalia Solórzano,Tecomán,Colima
28120,Cofradía de Juárez,Tecomán,Colima
28120,Campo Aéreo,Tecomán,Colima
28120,Valle Querido,Tecomán,Colima
28120,Noriega Pizano,Tecomán,Colima
28123,Real del Valle,Tecomán,Colima
28123,Real del Bosque,Tecomán,Colima
28130,Vicente Guerrero,Tecomán,Colima
28130,La Unión,Tecomán,Colima
28130,Francisco Villa,Tecomán,Colima
28130,Fátima,Tecomán,Colima
28130,Villas del Sol,Tecomán,Colima
28133,Loma Bonita,Tecomán,Colima
28133,Hacienda la Loma,Tecomán,Colima
28134,Lázaro Cárdenas II,Tecomán,Colima
28134,Ampliación Las Flores,Tecomán,Colima
28134,Lázaro Cárdenas,Tecomán,Colima
28134,Luis Donaldo Colosio,Tecomán,Colima
28134,Las Flores,Tecomán,Colima
28134,Álvaro Obregón,Tecomán,Colima
28134,Palma Real,Tecomán,Colima
28134,Santa Elena,Tecomán,Colima
28134,Sor Juana Inés de La Cruz,Tecomán,Colima
28134,Griselda Álvarez,Tecomán,Colima
28134,San Ignacio,Tecomán,Colima
28134,Niños Héroes,Tecomán,Colima
28140,La Floresta,Tecomán,Colima
28140,Villa Florida,Tecomán,Colima
28140,El Chamizal,Tecomán,Colima
28140,San Isidro,Tecomán,Colima
28140,Jardines del Chamizal,Tecomán,Colima
28140,INFONAVIT Las Huertas,Tecomán,Colima
28140,Jardines de Tecomán,Tecomán,Colima
28143,La Cuarta,Tecomán,Colima
28150,La Palmita,Tecomán,Colima
28150,San Francisco Javier,Tecomán,Colima
28150,Benito Juárez,Tecomán,Colima
28159,INFONAVIT Las Palmas,Tecomán,Colima
28160,Burócratas,Tecomán,Colima
28160,Ponciano Arriaga,Tecomán,Colima
28160,Estatuto Jurídico,Tecomán,Colima
28160,Sedena Militar,Tecomán,Colima
28160,Pablo Silva García,Tecomán,Colima
28170,Parque Las Flores (Elias Zamora Verduzco),Tecomán,Colima
28170,Indeco,Tecomán,Colima
28170,Libertad,Tecomán,Colima
28180,Villas del Rey,Tecomán,Colima
28180,Villa del Centenario,Tecomán,Colima
28180,Las Palmas,Tecomán,Colima
28180,Bugambilias,Tecomán,Colima
28180,La Floresta II,Tecomán,Colima
28180,San Antonio,Tecomán,Colima
28180,San Miguel,Tecomán,Colima
28180,Primaveras del Real,Tecomán,Colima
28184,San Carlos,Tecomán,Colima
28189,88 Batallón de Infantería,Tecomán,Colima
28190,Tuxpan,Tecomán,Colima
28190,San José,Tecomán,Colima
28190,Llanos de San José,Tecomán,Colima
28190,Gustavo Díaz Ordaz,Tecomán,Colima
28200,Manzanillo Centro,Manzanillo,Colima
28209,Manzanillo (Playa de Oro),Manzanillo,Colima
28210,Las Brisas,Manzanillo,Colima
28217,Morelos,Manzanillo,Colima
28218,Del Mar,Manzanillo,Colima
28218,Aeroméxico,Manzanillo,Colima
28218,Playa Azul,Manzanillo,Colima
28219,Playa Esmeralda,Manzanillo,Colima
28219,El Pacifico,Manzanillo,Colima
28219,Soleares,Manzanillo,Colima
28219,Las Garzas,Manzanillo,Colima
28219,Playa de Oro,Manzanillo,Colima
28219,Villa Mar,Manzanillo,Colima
28219,Barrio 5,Manzanillo,Colima
28219,Villa Océano,Manzanillo,Colima
28219,Lomas del Valle,Manzanillo,Colima
28219,Residencial Villa del Mar,Manzanillo,Colima
28219,Residencial las Gaviotas,Manzanillo,Colima
28219,Playa Real,Manzanillo,Colima
28219,Villa Coral,Manzanillo,Colima
28219,Plainco,Manzanillo,Colima
28219,Playa Blanca,Manzanillo,Colima
28219,Los Ciruelos,Manzanillo,Colima
28219,Conjunto Primaveras,Manzanillo,Colima
28219,Del Sol,Manzanillo,Colima
28219,FETSE,Manzanillo,Colima
28219,Los Corales,Manzanillo,Colima
28219,Valle de las Garzas,Manzanillo,Colima
28219,Parque industrial FONDEPORT,Manzanillo,Colima
28219,Armada de México,Manzanillo,Colima
28219,Rinconada del Valle,Manzanillo,Colima
28219,La Esperanza,Manzanillo,Colima
28230,Las Joyas,Manzanillo,Colima
28230,El Rocío,Manzanillo,Colima
28230,Ignacio Zaragoza,Manzanillo,Colima
28236,Manzanillo,Manzanillo,Colima
28237,La Gasera,Manzanillo,Colima
28237,Punta Grande,Manzanillo,Colima
28237,Las Torres,Manzanillo,Colima
28237,Benito Juárez,Manzanillo,Colima
28237,Leandro Valle,Manzanillo,Colima
28238,Bellavista,Manzanillo,Colima
28239,Primavera,Manzanillo,Colima
28239,Tapeixtles,Manzanillo,Colima
28239,La Negrita,Manzanillo,Colima
28239,16 de Septiembre,Manzanillo,Colima
28239,INDECO,Manzanillo,Colima
28239,Isla Real,Manzanillo,Colima
28239,Loma Alta,Manzanillo,Colima
28239,San Carlos,Manzanillo,Colima
28239,Lomas de Gregorio Figueroa,Manzanillo,Colima
28240,Punta Chica,Manzanillo,Colima
28250,Burócrata,Manzanillo,Colima
28259,San Pedrito,Manzanillo,Colima
28260,Libertad,Manzanillo,Colima
28269,Cuauhtémoc,Manzanillo,Colima
28269,Alameda,Manzanillo,Colima
28270,Padre Hidalgo,Manzanillo,Colima
28277,IMSS,Manzanillo,Colima
28278,Pedregoza,Manzanillo,Colima
28279,Bonanza,Manzanillo,Colima
28280,Costa Azul,Manzanillo,Colima
28300,Armería Centro,Armería,Colima
28304,Cristo Rey,Armería,Colima
28304,Lindavista,Armería,Colima
28304,Lázaro Cárdenas,Armería,Colima
28305,Ejido,Armería,Colima
28306,Emiliano Zapata,Armería,Colima
28306,Independencia,Armería,Colima
28307,El Campanario,Armería,Colima
28307,El Pelillo,Armería,Colima
28307,Sagrado Corazón,Armería,Colima
28307,El Arenal,Armería,Colima
28307,Hacienda las Primaveras,Armería,Colima
28307,Gregorio Torres Quintero,Armería,Colima
28307,Valle del Sol,Armería,Colima
28310,Rincón de Lopez,Armería,Colima
28315,El Puertecito,Armería,Colima
28317,Augusto Gómez Villanueva (Coalatilla),Armería,Colima
28317,Coalatillo,Armería,Colima
28320,Cofradía de Juárez,Armería,Colima
28330,Periquillo,Armería,Colima
28330,Sagrado Corazón,Armería,Colima
28330,Flor de Coco,Armería,Colima
28335,Paseo del Río,Armería,Colima
28340,Zorrillos,Armería,Colima
28340,Los Reyes (Zorrillos),Armería,Colima
28348,El Ciruelo,Armería,Colima
28349,Canoa Verde,Armería,Colima
28350,Cuyutlán,Armería,Colima
28350,El Paraíso [Balneario],Armería,Colima
28362,El Banco de Jicotán,Armería,Colima
28400,El Chical,Coquimatlán,Colima
28400,Emiliano Zapata,Coquimatlán,Colima
28400,Agua Zarca,Coquimatlán,Colima
28400,La Sidra,Coquimatlán,Colima
28400,Elías Zamora Verduzco,Coquimatlán,Colima
28400,La Esperanza,Coquimatlán,Colima
28400,Camichines,Coquimatlán,Colima
28400,Jala,Coquimatlán,Colima
28400,Valle de las Huertas,Coquimatlán,Colima
28400,Coquimatlán,Coquimatlán,Colima
28400,Las Moras,Coquimatlán,Colima
28400,Las Higueras,Coquimatlán,Colima
28400,Cazumba,Coquimatlán,Colima
28400,Jardines del Llano,Coquimatlán,Colima
28400,San Miguel,Coquimatlán,Colima
28402,El Poblado,Coquimatlán,Colima
28403,Los Limones,Coquimatlán,Colima
28405,El Algodonal,Coquimatlán,Colima
28410,Juárez,Coquimatlán,Colima
28450,Aguajitos,Comala,Colima
28450,Campo Verde,Comala,Colima
28450,Lomas del Pedregal,Comala,Colima
28450,Campestre San Juan,Comala,Colima
28450,Miguel de La Madrid Hurtado,Comala,Colima
28450,Lomas de Comala,Comala,Colima
28450,Zacualpan,Comala,Colima
28450,La Cañada,Comala,Colima
28450,Francisco Ramírez Villarreal,Comala,Colima
28450,Celsa Virgen,Comala,Colima
28450,Real Nogueras,Comala,Colima
28450,Barrio Alto,Comala,Colima
28450,Campestre Comala,Comala,Colima
28450,Comala,Comala,Colima
28450,Cuauhtémoc,Comala,Colima
28450,Lázaro Cárdenas,Comala,Colima
28450,Los Aguajes,Comala,Colima
28450,Santa Cecilia,Comala,Colima
28450,La Trinidad,Comala,Colima
28450,Lomas Altas,Comala,Colima
28450,Real de Mendoza,Comala,Colima
28450,Solidaridad Aguajitos,Comala,Colima
28452,La Caja,Comala,Colima
28454,La Yerbabuena,Comala,Colima
28454,Nogueras,Comala,Colima
28455,Los Llanitos,Comala,Colima
28457,Los Corrales,Comala,Colima
28459,Suchitlán,Comala,Colima
28460,Cofradía de Suchitlán,Comala,Colima
28460,La Nogalera,Comala,Colima
28461,El Remate,Comala,Colima
28462,Lagunitas,Comala,Colima
28463,Barranca del Agua,Comala,Colima
28463,San Antonio,Comala,Colima
28464,La Becerrera,Comala,Colima
28464,La María,Comala,Colima
28465,Los Colomos,Comala,Colima
28466,El Remudadero,Comala,Colima
28466,Agosto,Comala,Colima
28466,Colomitos,Comala,Colima
28469,Campo Cuatro,Comala,Colima
28500,El Toreo,Cuauhtémoc,Colima
28500,El Rastro,Cuauhtémoc,Colima
28500,Cuauhtémoc,Cuauhtémoc,Colima
28504,Griselda Alvarez Ponce de León,Cuauhtémoc,Colima
28504,Los Monos,Cuauhtémoc,Colima
28504,San Rafael,Cuauhtémoc,Colima
28504,Campestre San Jerónimo,Cuauhtémoc,Colima
28504,Lomas Santa Cruz,Cuauhtémoc,Colima
28504,La Cayetana,Cuauhtémoc,Colima
28504,La Presa,Cuauhtémoc,Colima
28504,La Escondida,Cuauhtémoc,Colima
28506,San Jerónimo,Cuauhtémoc,Colima
28506,Emiliano Zapata,Cuauhtémoc,Colima
28507,Las Higueras,Cuauhtémoc,Colima
28507,Valle Real,Cuauhtémoc,Colima
28509,Estación Alzada,Cuauhtémoc,Colima
28510,Quesería,Cuauhtémoc,Colima
28513,Ermita,Cuauhtémoc,Colima
28514,La Cruz,Cuauhtémoc,Colima
28515,Concepción Barbosa,Cuauhtémoc,Colima
28516,Arsenio Farell Cubillas,Cuauhtémoc,Colima
28517,Solidaridad,Cuauhtémoc,Colima
28520,Alcaraces,Cuauhtémoc,Colima
28521,Palmillas,Cuauhtémoc,Colima
28522,El Barro,Cuauhtémoc,Colima
28523,Cerro Colorado,Cuauhtémoc,Colima
28530,Chiapa,Cuauhtémoc,Colima
28530,Ocotillo,Cuauhtémoc,Colima
28530,Chiapa,Cuauhtémoc,Colima
28531,Montitlán,Cuauhtémoc,Colima
28532,Naranjal,Cuauhtémoc,Colima
28550,El Campanario,Cuauhtémoc,Colima
28550,San Joaquín,Cuauhtémoc,Colima
28550,El Trapiche,Cuauhtémoc,Colima
28553,El Cóbano,Cuauhtémoc,Colima
28554,El Parián,Cuauhtémoc,Colima
28555,La Palma,Cuauhtémoc,Colima
28557,ISENCO,Cuauhtémoc,Colima
28590,Buenavista,Cuauhtémoc,Colima
28597,Bajío de la Leona,Cuauhtémoc,Colima
28599,Colima (Lic. Miguel de la Madrid Hurtado),Cuauhtémoc,Colima
28600,El Amarradero,Colima,Colima
28600,Estapilla,Colima,Colima
28600,Puerta de Ánzar,Colima,Colima
28600,Los Tepames,Colima,Colima
28600,Piscila,Colima,Colima
28600,Ticuizitán,Colima,Colima
28600,Tinajas,Colima,Colima
28602,La Tabaquera,Colima,Colima
28602,Las Anonas,Colima,Colima
28610,El Chanal,Colima,Colima
28610,Francisco I Madero,Colima,Colima
28613,La Capacha,Colima,Colima
28615,La Puerta Pesada,Colima,Colima
28619,Cardona,Colima,Colima
28620,Ejidal,Colima,Colima
28620,J. Jesús Ríos,Colima,Colima
28620,Lo de Villa,Colima,Colima
28626,El Alpuyequito,Colima,Colima
28627,Loma de Juárez (El Mezquite),Colima,Colima
28628,Los Mezcales,Colima,Colima
28629,Las Golondrinas,Colima,Colima
28629,Loma de Juárez,Colima,Colima
28630,El Bordo,Colima,Colima
28633,La Media Luna,Colima,Colima
28634,El Astillero de Abajo,Colima,Colima
28634,El Astillero de Arriba,Colima,Colima
28634,Trapichillos,Colima,Colima
28635,Ignacio Allende,Colima,Colima
28638,Corralitos,Colima,Colima
28640,La Salada,Colima,Colima
28640,Los Asmoles,Colima,Colima
28641,El Alpuyeque,Colima,Colima
28645,Acatitán,Colima,Colima
28646,Las Guásimas (Las Borregas),Colima,Colima
28647,Los Ortices,Colima,Colima
28650,Paso del Zarco,Colima,Colima
28655,La Higuerita,Colima,Colima
28668,Las Tunas,Colima,Colima
28700,6 de Enero,Ixtlahuacán,Colima
28700,Mojotal,Ixtlahuacán,Colima
28700,Los Gobernadores,Ixtlahuacán,Colima
28700,Ojo de Agua,Ixtlahuacán,Colima
28700,Ixtlahuácan,Ixtlahuacán,Colima
28700,11 Pueblos,Ixtlahuacán,Colima
28703,Jiliotupa,Ixtlahuacán,Colima
28704,Las Trancas,Ixtlahuacán,Colima
28705,La Presa (Barranca del Rebozo),Ixtlahuacán,Colima
28705,Lázaro Cárdenas,Ixtlahuacán,Colima
28720,Aquiles Serdán (Tamala),Ixtlahuacán,Colima
28724,San Gabriel,Ixtlahuacán,Colima
28730,Chamila,Ixtlahuacán,Colima
28730,Santa Inés,Ixtlahuacán,Colima
28730,La Tunita,Ixtlahuacán,Colima
28730,Zinacamitlán (Los Chicos),Ixtlahuacán,Colima
28733,Las Anonas,Ixtlahuacán,Colima
28733,La Tepamera,Ixtlahuacán,Colima
28734,El Camichín (Veintiséis de Julio),Ixtlahuacán,Colima
28734,El Aserradero,Ixtlahuacán,Colima
28734,Agua de la Virgen,Ixtlahuacán,Colima
28735,Higueras de Santa Rosa,Ixtlahuacán,Colima
28735,Las Conchas,Ixtlahuacán,Colima
28735,El Capire,Ixtlahuacán,Colima
28736,El Galaje,Ixtlahuacán,Colima
28750,Los Mangos,Minatitlán,Colima
28750,Infonavit,Minatitlán,Colima
28750,27 de Octubre,Minatitlán,Colima
28750,Carlos de La Madrid Vejar,Minatitlán,Colima
28750,Minatitlán,Minatitlán,Colima
28750,Progreso,Minatitlán,Colima
28760,Agua Salada,Minatitlán,Colima
28761,La Loma,Minatitlán,Colima
28765,El Sauz,Minatitlán,Colima
28767,San Antonio,Minatitlán,Colima
28767,Paticajo,Minatitlán,Colima
28772,El Terrero,Minatitlán,Colima
28774,Ranchitos,Minatitlán,Colima
28780,El Arrayanal,Minatitlán,Colima
28783,La Playa (La Playita),Minatitlán,Colima
28784,Potrero Grande,Minatitlán,Colima
28785,Plan de Méndez,Minatitlán,Colima
28788,Palo Verde,Minatitlán,Colima
28792,Peña Colorada (Fierro),Minatitlán,Colima
28792,Las Guásimas,Minatitlán,Colima
28795,El Nogal,Minatitlán,Colima
28796,Agua Fría,Minatitlán,Colima
28800,El Paraíso,Manzanillo,Colima
28800,La Lupita,Manzanillo,Colima
28800,Residencial el Colomo,Manzanillo,Colima
28800,Las Juntas,Manzanillo,Colima
28800,López Mateos,Manzanillo,Colima
28800,La Calma,Manzanillo,Colima
28800,Marina Nacional,Manzanillo,Colima
28800,5 de Mayo,Manzanillo,Colima
28800,El Garcero,Manzanillo,Colima
28800,Zona Centro El Colomo,Manzanillo,Colima
28800,El Libramiento,Manzanillo,Colima
28800,Miguel de La Madrid,Manzanillo,Colima
28800,Arturo Noriega Pizano,Manzanillo,Colima
28800,La Cima,Manzanillo,Colima
28800,Lázaro Cárdenas,Manzanillo,Colima
28800,María Luisa Campero,Manzanillo,Colima
28800,La Playita,Manzanillo,Colima
28800,San Francisco,Manzanillo,Colima
28800,20 de Noviembre,Manzanillo,Colima
28807,Lic. Luis Echeverría Álvarez,Manzanillo,Colima
28808,Aquarium,Manzanillo,Colima
28808,Villa Florida,Manzanillo,Colima
28809,Campos,Manzanillo,Colima
28810,Los Cedros,Manzanillo,Colima
28811,Lomas de Avila Camacho,Manzanillo,Colima
28812,El Huizcolote,Manzanillo,Colima
28813,Ciruelito de la Marina,Manzanillo,Colima
28814,Camichín,Manzanillo,Colima
28815,Canoas,Manzanillo,Colima
28815,El Puertecillo O Tepeguajes,Manzanillo,Colima
28817,La Rosa,Manzanillo,Colima
28819,San José de Lúmber (Piedra Redonda),Manzanillo,Colima
28820,El Chico,Manzanillo,Colima
28820,Veladero de los Otates,Manzanillo,Colima
28825,La Lima,Manzanillo,Colima
28826,Don Tomás,Manzanillo,Colima
28830,El Chavarín,Manzanillo,Colima
28833,El Charco,Manzanillo,Colima
28834,Río Marabasco,Manzanillo,Colima
28836,Emiliano Zapata,Manzanillo,Colima
28837,La Ciénega,Manzanillo,Colima
28838,El Centinela de Arriba,Manzanillo,Colima
28838,La Culebra (Colimilla),Manzanillo,Colima
28838,Isla Navidad,Manzanillo,Colima
28840,Chandiablo,Manzanillo,Colima
28844,Valle Paraíso,Manzanillo,Colima
28849,El Petatero,Manzanillo,Colima
28850,Camotlán de Miraflores,Manzanillo,Colima
28855,Veladero de Camotlán,Manzanillo,Colima
28858,El Bosque,Manzanillo,Colima
28860,Santiago,Manzanillo,Colima
28860,Olas Altas,Manzanillo,Colima
28860,La Querencia,Manzanillo,Colima
28863,El Cerrito,Manzanillo,Colima
28863,Francisco Villa,Manzanillo,Colima
28863,Barrio Nuevo,Manzanillo,Colima
28863,Pedro Núñez,Manzanillo,Colima
28863,Vista del Mar,Manzanillo,Colima
28863,Colinas de Santiago,Manzanillo,Colima
28863,La Cruz,Manzanillo,Colima
28863,Obradores,Manzanillo,Colima
28863,Porfirio Gaytán,Manzanillo,Colima
28863,San Isidro Labrador,Manzanillo,Colima
28863,Abelardo L. Rodríguez,Manzanillo,Colima
28863,El Jabalí,Manzanillo,Colima
28863,Las Flores,Manzanillo,Colima
28863,Perla de Occidente,Manzanillo,Colima
28863,San Martín,Manzanillo,Colima
28863,Loma Bonita,Manzanillo,Colima
28863,Jabalinera,Manzanillo,Colima
28864,Obrera,Manzanillo,Colima
28864,Deportiva,Manzanillo,Colima
28864,Jardines de Santiago,Manzanillo,Colima
28864,Villas del Pacífico,Manzanillo,Colima
28864,Valle del Coral,Manzanillo,Colima
28864,Cantamar,Manzanillo,Colima
28864,Lomas Verdes,Manzanillo,Colima
28864,Santa Carolina,Manzanillo,Colima
28864,Viveros Pelayo,Manzanillo,Colima
28864,Azul Marino,Manzanillo,Colima
28864,Del Mar,Manzanillo,Colima
28864,Hermosa Provincia,Manzanillo,Colima
28864,Loma del Mar,Manzanillo,Colima
28864,Valle Alto,Manzanillo,Colima
28864,Country Club,Manzanillo,Colima
28864,Paseo del Mar,Manzanillo,Colima
28864,Las Camelinas,Manzanillo,Colima
28864,INFONAVIT,Manzanillo,Colima
28864,Lomas de Santiago,Manzanillo,Colima
28864,Almendros Residencial II,Manzanillo,Colima
28864,Montebello,Manzanillo,Colima
28864,Valle Dorado,Manzanillo,Colima
28864,Las Huertas,Manzanillo,Colima
28864,La Joya I,Manzanillo,Colima
28865,Los Altos,Manzanillo,Colima
28865,Orquídeas Residencial,Manzanillo,Colima
28865,Terraplena,Manzanillo,Colima
28867,La Punta,Manzanillo,Colima
28867,Bugambilias,Manzanillo,Colima
28867,Península de Santiago,Manzanillo,Colima
28867,Villas del Palmar,Manzanillo,Colima
28867,Las Hadas,Manzanillo,Colima
28867,Villas del Faro,Manzanillo,Colima
28867,La Audiencia,Manzanillo,Colima
28867,Salagua,Manzanillo,Colima
28868,Ejidal Miramar,Manzanillo,Colima
28868,Club Maeva,Manzanillo,Colima
28868,La Central,Manzanillo,Colima
28868,Puesta del Sol,Manzanillo,Colima
28868,La Martinique,Manzanillo,Colima
28868,La Joya,Manzanillo,Colima
28868,Nuevo Miramar,Manzanillo,Colima
28868,El Naranjo,Manzanillo,Colima
28868,Club Santiago,Manzanillo,Colima
28869,Villa Flamingos,Manzanillo,Colima
28869,Puerta del Sol,Manzanillo,Colima
28869,Valle Salagua,Manzanillo,Colima
28869,Barrio Nuevo Salagua,Manzanillo,Colima
28869,La Joya II,Manzanillo,Colima
28869,Los Mangos,Manzanillo,Colima
28869,Cantalegre,Manzanillo,Colima
28869,Nuevo Salagua,Manzanillo,Colima
28869,Almendros Residencial,Manzanillo,Colima
28869,Santa Sofía,Manzanillo,Colima
28869,Guadalupe Victoria,Manzanillo,Colima
28869,El Campanario,Manzanillo,Colima
28869,López de Legaspi,Manzanillo,Colima
28869,Obispo Sergio Méndez Arceo,Manzanillo,Colima
28869,Paraiso Salagua,Manzanillo,Colima
28869,Marimar,Manzanillo,Colima
28869,Rosa Morada,Manzanillo,Colima
28869,Arboledas,Manzanillo,Colima
28869,Aguazul,Manzanillo,Colima
28869,Las Palmas,Manzanillo,Colima
28869,Elías Zamora Verduzco,Manzanillo,Colima
28870,Jalipa,Manzanillo,Colima
28872,Punta de Agua de Camotlán,Manzanillo,Colima
28875,Peña Colorada,Manzanillo,Colima
28876,Francisco Villa,Manzanillo,Colima
28877,IMSS Norte,Manzanillo,Colima
28878,Fovissste,Manzanillo,Colima
28879,Vista Roca,Manzanillo,Colima
28879,Del Pacifico,Manzanillo,Colima
28880,Santa Rita,Manzanillo,Colima
28880,Venustiano Carranza (Cualata),Manzanillo,Colima
28880,San Buenaventura,Manzanillo,Colima
28880,Coalata,Manzanillo,Colima
28880,Nuevo Cuyutlán,Manzanillo,Colima
28884,Las Lajas,Manzanillo,Colima
28885,El Salto,Manzanillo,Colima
28886,Agua Blanca y Cerro del Zacate,Manzanillo,Colima
28886,Agua Blanca,Manzanillo,Colima
28887,Las Juntas Nuevas,Manzanillo,Colima
28900,Hermanos Leaños,Tecomán,Colima
28900,Cerro de Ortega,Tecomán,Colima
28906,Cerro de Aguilar,Tecomán,Colima
28910,La Pedregoza,Tecomán,Colima
28910,Estación Madrid,Tecomán,Colima
28910,Articulo 27 Constitucional,Tecomán,Colima
28910,Conacar PRI,Tecomán,Colima
28915,El Rosario,Tecomán,Colima
28920,Tecolapa,Tecomán,Colima
28929,Cofradía de Hidalgo (Laguna de Alcuzahue),Tecomán,Colima
28930,Puerta de Caleras,Tecomán,Colima
28930,Caleras,Tecomán,Colima
28930,Tecomán Estación,Tecomán,Colima
28934,Luis Rodríguez Alcalá [La Báscula],Tecomán,Colima
28934,Antonio Salazar Salazar,Tecomán,Colima
28934,María Esther Zuno de Echeverría,Tecomán,Colima
28934,Ballardo,Tecomán,Colima
28935,Cofradía de Morelos,Tecomán,Colima
28936,Ladislao Moreno,Tecomán,Colima
28937,El Real,Tecomán,Colima
28938,Tecuanillo,Tecomán,Colima
28940,Callejones,Tecomán,Colima
28944,El Saucito,Tecomán,Colima
28944,La Primavera,Tecomán,Colima
28945,Chanchopa,Tecomán,Colima
28947,San Miguel del Ojo de Agua,Tecomán,Colima
28950,Juluapan,Villa de Álvarez,Colima
28952,Los Picachos,Villa de Álvarez,Colima
28955,El Carmen,Villa de Álvarez,Colima
28955,Agua Dulce,Villa de Álvarez,Colima
28958,El Mixcuate,Villa de Álvarez,Colima
28959,Pueblo Nuevo,Villa de Álvarez,Colima
28960,El Carrizal,Villa de Álvarez,Colima
28963,Pastores,Villa de Álvarez,Colima
28964,Las Joyitas,Villa de Álvarez,Colima
28965,El Chivato (Providencia),Villa de Álvarez,Colima
28966,La Montrica,Villa de Álvarez,Colima
28968,El Naranjal,Villa de Álvarez,Colima
28970,Villa de Alvarez Centro,Villa de Álvarez,Colima
28970,Villas del Sol,Villa de Álvarez,Colima
28973,Santa Cristina,Villa de Álvarez,Colima
28973,Floresta,Villa de Álvarez,Colima
28973,Rancho Santo,Villa de Álvarez,Colima
28973,Manuel M Diéguez,Villa de Álvarez,Colima
28973,Villas del Río,Villa de Álvarez,Colima
28973,Santa Teresa,Villa de Álvarez,Colima
28973,Villas Adriana,Villa de Álvarez,Colima
28973,Real los Arcos,Villa de Álvarez,Colima
28973,Villas de Mayo,Villa de Álvarez,Colima
28973,Privada Villa San Agustín,Villa de Álvarez,Colima
28974,San Isidro,Villa de Álvarez,Colima
28974,Villas Coliman,Villa de Álvarez,Colima
28974,Las Palomas Residencial,Villa de Álvarez,Colima
28975,Morelos,Villa de Álvarez,Colima
28975,La Frontera,Villa de Álvarez,Colima
28975,La Cajita del Agua,Villa de Álvarez,Colima
28975,López Mateos,Villa de Álvarez,Colima
28975,Privada Villas del Palmar,Villa de Álvarez,Colima
28975,Villa Carlo,Villa de Álvarez,Colima
28975,Santa Martha,Villa de Álvarez,Colima
28976,Francisco Hernández,Villa de Álvarez,Colima
28976,Liberación,Villa de Álvarez,Colima
28976,Rosario Ibarra de Piedra,Villa de Álvarez,Colima
28976,Villas del Centro,Villa de Álvarez,Colima
28977,Las Parotas,Villa de Álvarez,Colima
28978,Colinas del Carmen,Villa de Álvarez,Colima
28978,Jardines de Bugambilias,Villa de Álvarez,Colima
28978,Azaleas,Villa de Álvarez,Colima
28978,Residencial Bosque Real,Villa de Álvarez,Colima
28978,Primaveras,Villa de Álvarez,Colima
28978,Rinconada de La Hacienda,Villa de Álvarez,Colima
28978,Senderos del Carmen,Villa de Álvarez,Colima
28978,FOVISSSTE,Villa de Álvarez,Colima
28978,Real Santa Fe,Villa de Álvarez,Colima
28978,Real Hacienda,Villa de Álvarez,Colima
28978,Hacienda del Carmen,Villa de Álvarez,Colima
28978,Arboledas del Carmen,Villa de Álvarez,Colima
28978,Golondrinas,Villa de Álvarez,Colima
28978,Privada Nicasio Carvajal Flores,Villa de Álvarez,Colima
28979,Villa Izcalli Caxitlán,Villa de Álvarez,Colima
28979,Lomas de La Higuera,Villa de Álvarez,Colima
28979,Los Almendros,Villa de Álvarez,Colima
28979,Real Bugambilias,Villa de Álvarez,Colima
28979,Lomas de La Villa,Villa de Álvarez,Colima
28979,Colinas del Sol,Villa de Álvarez,Colima
28979,Las Águilas,Villa de Álvarez,Colima
28979,Solidaridad,Villa de Álvarez,Colima
28979,Colinas de las Lagunas,Villa de Álvarez,Colima
28979,Loma Hermosa,Villa de Álvarez,Colima
28979,Villas de Bugambilias,Villa de Álvarez,Colima
28979,Carlos de La Madrid,Villa de Álvarez,Colima
28979,Las Lagunas,Villa de Álvarez,Colima
28979,Villas del Cañaveral,Villa de Álvarez,Colima
28979,El Angel,Villa de Álvarez,Colima
28979,Cruz de Comala,Villa de Álvarez,Colima
28979,Vista Bugambilias,Villa de Álvarez,Colima
28979,Salomón Preciado,Villa de Álvarez,Colima
28979,Lindavista,Villa de Álvarez,Colima
28979,Las Colinas,Villa de Álvarez,Colima
28979,Lomas de La Herradura,Villa de Álvarez,Colima
28979,Residencial Colinas del Rey,Villa de Álvarez,Colima
28979,Alfredo V Bonfil,Villa de Álvarez,Colima
28979,Bugambilias,Villa de Álvarez,Colima
28979,Lomas de las Flores,Villa de Álvarez,Colima
28979,Lomas Altas,Villa de Álvarez,Colima
28980,La Gloria,Villa de Álvarez,Colima
28982,Santa Fe,Villa de Álvarez,Colima
28982,Hacienda El Nogal,Villa de Álvarez,Colima
28982,Villas de Alameda,Villa de Álvarez,Colima
28982,El Cortijo,Villa de Álvarez,Colima
28982,Villas San José Segunda Sección,Villa de Álvarez,Colima
28982,Jacarandas,Villa de Álvarez,Colima
28982,Los Olivos,Villa de Álvarez,Colima
28982,Hacienda del Cortijo,Villa de Álvarez,Colima
28982,La Joya,Villa de Álvarez,Colima
28982,Las Rosas,Villa de Álvarez,Colima
28983,Puerta Higueras,Villa de Álvarez,Colima
28983,Alfonso Rolón Michel,Villa de Álvarez,Colima
28983,El Haya,Villa de Álvarez,Colima
28983,Residencial Tulipanes,Villa de Álvarez,Colima
28983,Jardines del Llano,Villa de Álvarez,Colima
28983,Jardines del Centenario,Villa de Álvarez,Colima
28983,Senderos de Rancho Blanco,Villa de Álvarez,Colima
28983,Villa Flores,Villa de Álvarez,Colima
28983,Puerta de Rolón,Villa de Álvarez,Colima
28983,Valle del Sol,Villa de Álvarez,Colima
28983,Rinconada del Centenario,Villa de Álvarez,Colima
28983,Tabachines,Villa de Álvarez,Colima
28983,Villas Rancho Blanco,Villa de Álvarez,Colima
28983,Villa Flores II,Villa de Álvarez,Colima
28984,Juan José Ríos II,Villa de Álvarez,Colima
28984,Punta Diamante Residencial,Villa de Álvarez,Colima
28984,Residencial Los Robles,Villa de Álvarez,Colima
28984,Lomas del Centenario,Villa de Álvarez,Colima
28984,Real Centenario,Villa de Álvarez,Colima
28984,Patria Residencial,Villa de Álvarez,Colima
28984,Juan José Ríos,Villa de Álvarez,Colima
28984,Juan José Ríos III,Villa de Álvarez,Colima
28984,Villafuentes,Villa de Álvarez,Colima
28984,Los Triángulos,Villa de Álvarez,Colima
28984,Centenario II,Villa de Álvarez,Colima
28984,El Centenario,Villa de Álvarez,Colima
28984,Higueras del Espinal,Villa de Álvarez,Colima
28984,Palo Alto,Villa de Álvarez,Colima
28984,Manuel Alvarez,Villa de Álvarez,Colima
28984,Ramón Serrano,Villa de Álvarez,Colima
28984,Puerta del Centenario,Villa de Álvarez,Colima
28984,Verde Valle,Villa de Álvarez,Colima
28984,Loma Bonita,Villa de Álvarez,Colima
28984,Jardines de La Villa,Villa de Álvarez,Colima
28984,La Reserva,Villa de Álvarez,Colima
28984,Azteca,Villa de Álvarez,Colima
28984,Villas de San José,Villa de Álvarez,Colima
28984,Buenavista,Villa de Álvarez,Colima
28985,San Miguel,Villa de Álvarez,Colima
28985,Del Valle,Villa de Álvarez,Colima
28985,Villa de Oro,Villa de Álvarez,Colima
28986,Villas Diamante,Villa de Álvarez,Colima
28986,Emiliano Zapata,Villa de Álvarez,Colima
28987,Villas Providencia,Villa de Álvarez,Colima
28987,San Carlos,Villa de Álvarez,Colima
28987,La Haciendita,Villa de Álvarez,Colima
28987,Alta Villa,Villa de Álvarez,Colima
28988,Campestre,Villa de Álvarez,Colima
28988,El Llano,Villa de Álvarez,Colima
28989,Prados de La Villa,Villa de Álvarez,Colima
28989,Leandro Valle,Villa de Álvarez,Colima
28989,Real de Minas,Villa de Álvarez,Colima
28989,Montellano,Villa de Álvarez,Colima
28989,Burócratas del Estado,Villa de Álvarez,Colima
28989,Puerta de Hierro,Villa de Álvarez,Colima
28989,Las Tunas,Villa de Álvarez,Colima
28989,Villa de Alba,Villa de Álvarez,Colima
28989,La Comarca,Villa de Álvarez,Colima
28989,Campestre Bugambilias,Villa de Álvarez,Colima
