63000,Tepic Centro,Tepic,Nayarit
63009,Centro SCT Nayarit,Tepic,Nayarit
63010,Paseo de La Constitución,Tepic,Nayarit
63010,Amado Nervo,Tepic,Nayarit
63010,Amado Nervo,Tepic,Nayarit
63010,Sacristán,Tepic,Nayarit
63018,El Punto,Tepic,Nayarit
63019,Francisco Villa,Tepic,Nayarit
63019,Loma Hermosa,Tepic,Nayarit
63020,Santa Teresita,Tepic,Nayarit
63020,Unidad Deportiva Santa Teresita,Tepic,Nayarit
63021,Adolfo López Mateos,Tepic,Nayarit
63022,INDECO,Tepic,Nayarit
63023,Senderos del Monte,Tepic,Nayarit
63023,Ojo de Agua,Tepic,Nayarit
63023,Buenos Aires,Tepic,Nayarit
63030,Cuitlahuac,Tepic,Nayarit
63030,Lomas de La Cruz Sutse,Tepic,Nayarit
63030,Chapultepec,Tepic,Nayarit
63030,San José,Tepic,Nayarit
63035,Bugambilias,Tepic,Nayarit
63035,Jardines del Valle,Tepic,Nayarit
63035,Valle de La Cruz,Tepic,Nayarit
63035,Ampliación El Paraíso,Tepic,Nayarit
63035,Valle Verde,Tepic,Nayarit
63035,Nueva Alemania,Tepic,Nayarit
63035,Nuevo Progreso,Tepic,Nayarit
63035,Valle de Zaragoza,Tepic,Nayarit
63035,Islas del Paraíso,Tepic,Nayarit
63035,Villas del Paraíso,Tepic,Nayarit
63037,Sindicalistas,Tepic,Nayarit
63037,Residencial La Esmeralda,Tepic,Nayarit
63037,Valle Verde Conalep,Tepic,Nayarit
63037,Villas de la Laguna,Tepic,Nayarit
63037,Los Viveros,Tepic,Nayarit
63037,Los Arcos,Tepic,Nayarit
63037,Tulipanes,Tepic,Nayarit
63037,Lomas de La Cruz,Tepic,Nayarit
63037,Villas de la Cruz,Tepic,Nayarit
63037,Zapopan,Tepic,Nayarit
63037,Ingeniero Agrónomo,Tepic,Nayarit
63037,La Loma,Tepic,Nayarit
63037,La Lomita,Tepic,Nayarit
63037,Villas Arana,Tepic,Nayarit
63038,Emilio M. González,Tepic,Nayarit
63038,El Mirador INFONAVIT,Tepic,Nayarit
63038,El Paraíso,Tepic,Nayarit
63038,Rancho las Cruces,Tepic,Nayarit
63038,Las Pares,Tepic,Nayarit
63038,Las Conchas,Tepic,Nayarit
63038,Reforma,Tepic,Nayarit
63039,Puerta de La Laguna,Tepic,Nayarit
63039,Social Progresivo Cuba,Tepic,Nayarit
63039,Camino Real,Tepic,Nayarit
63039,Aztlán El Verde,Tepic,Nayarit
63039,Riveras de La Laguna,Tepic,Nayarit
63039,Real Montecarlo,Tepic,Nayarit
63040,Magisterial,Tepic,Nayarit
63050,Mololoa,Tepic,Nayarit
63050,El Parían,Tepic,Nayarit
63050,Miguel Ángel Paredes,Tepic,Nayarit
63058,Rivas Allende,Tepic,Nayarit
63058,Sandino,Tepic,Nayarit
63058,Sanchez Ibarra,Tepic,Nayarit
63059,Villas de Matatipac,Tepic,Nayarit
63059,San Juanito,Tepic,Nayarit
63059,Lomas de La Laguna,Tepic,Nayarit
63059,Lomas de Cortez,Tepic,Nayarit
63060,El Rodeo,Tepic,Nayarit
63061,Lomas Altas,Tepic,Nayarit
63062,Lomas Bonitas,Tepic,Nayarit
63062,Alaska,Tepic,Nayarit
63062,El Palomar,Tepic,Nayarit
63062,Rinconada Residencial,Tepic,Nayarit
63066,Lomas del Valle Ampliación,Tepic,Nayarit
63066,Lomas del Valle,Tepic,Nayarit
63066,Florencia,Tepic,Nayarit
63067,Las Flores,Tepic,Nayarit
63068,América Manríquez,Tepic,Nayarit
63068,Luis Echeverría A.,Tepic,Nayarit
63069,Primero de Mayo,Tepic,Nayarit
63069,Unidad Obrera,Tepic,Nayarit
63069,Ampliación Unidad Obrera,Tepic,Nayarit
63070,Emiliano Zapata,Tepic,Nayarit
63070,La Huerta,Tepic,Nayarit
63080,Heriberto Casas,Tepic,Nayarit
63081,Acayapan,Tepic,Nayarit
63082,El Naranjal,Tepic,Nayarit
63082,El Faisán,Tepic,Nayarit
63083,Ampliación Santa Teresita,Tepic,Nayarit
63083,Ruinas de Jauja,Tepic,Nayarit
63084,Los Pinos,Tepic,Nayarit
63084,Ingeniero Aguayo,Tepic,Nayarit
63088,Santa Fe,Tepic,Nayarit
63089,Santa Cecilia,Tepic,Nayarit
63100,20 de Noviembre,Tepic,Nayarit
63109,Estadios,Tepic,Nayarit
63110,Lindavista,Tepic,Nayarit
63110,Rodeo de La Punta,Tepic,Nayarit
63114,Residencial los Olivos,Tepic,Nayarit
63114,Nuevas Delicias,Tepic,Nayarit
63114,Guadalupe,Tepic,Nayarit
63114,Solidaridad INFONAVIT,Tepic,Nayarit
63114,Aztlán Solidaridad,Tepic,Nayarit
63114,Ecologistas,Tepic,Nayarit
63114,Solidaridad Primavera,Tepic,Nayarit
63114,Colinas del Nayar,Tepic,Nayarit
63114,Dieciséis de Septiembre,Tepic,Nayarit
63115,SPAUAN,Tepic,Nayarit
63116,FOVISSSTE 2a Etapa,Tepic,Nayarit
63117,Las Brisas FOVISSSTE,Tepic,Nayarit
63117,Brisas de San Juan,Tepic,Nayarit
63117,Las Brisas,Tepic,Nayarit
63119,FOVISSSTE 1a Etapa,Tepic,Nayarit
63120,Villa San Ángel,Tepic,Nayarit
63120,Obrera CTM,Tepic,Nayarit
63120,IMSS,Tepic,Nayarit
63128,Lomas de San Juan,Tepic,Nayarit
63129,Rey Nayar,Tepic,Nayarit
63129,Arboledas,Tepic,Nayarit
63129,Jagüey,Tepic,Nayarit
63129,Tío Baltazar,Tepic,Nayarit
63129,Leonardo Rodríguez Alcaine,Tepic,Nayarit
63129,Cora,Tepic,Nayarit
63129,Aves del Paraíso,Tepic,Nayarit
63129,Villas de San Juan,Tepic,Nayarit
63130,San Juan,Tepic,Nayarit
63135,El Tecolote INFONAVIT,Tepic,Nayarit
63135,El Tecolote,Tepic,Nayarit
63136,Independencia,Tepic,Nayarit
63137,Residencial La Loma,Tepic,Nayarit
63138,Versalles Sur,Tepic,Nayarit
63138,Rincón de San Juan,Tepic,Nayarit
63139,Versalles Norte,Tepic,Nayarit
63147,Secretaria de La Reforma Agraria,Tepic,Nayarit
63149,Palacio de Gobierno del Estado de Nayarit,Tepic,Nayarit
63150,Menchaca,Tepic,Nayarit
63155,Universidad Autónoma de Nayarit,Tepic,Nayarit
63156,Burócrata Federal,Tepic,Nayarit
63157,Ciudad del Valle,Tepic,Nayarit
63158,Caja de Agua,Tepic,Nayarit
63159,San Antonio,Tepic,Nayarit
63160,Morelos,Tepic,Nayarit
63160,Electricistas,Tepic,Nayarit
63163,Corralón,Tepic,Nayarit
63164,Pedregal de San Juan,Tepic,Nayarit
63164,El Pedregal,Tepic,Nayarit
63164,El Pedregal,Tepic,Nayarit
63166,Benito Juárez,Tepic,Nayarit
63166,Del Bosque,Tepic,Nayarit
63167,Peñita,Tepic,Nayarit
63168,Jardines de La Cruz,Tepic,Nayarit
63169,Fray Junipero Serra,Tepic,Nayarit
63170,Dr. Lucas Vallarta,Tepic,Nayarit
63170,Flamingos,Tepic,Nayarit
63170,Las Aves,Tepic,Nayarit
63170,Ferrocarrilero 2a Secc.,Tepic,Nayarit
63170,Lagos  de Aztlán,Tepic,Nayarit
63170,12 de Diciembre,Tepic,Nayarit
63170,México,Tepic,Nayarit
63170,Gobierno del Cambio I,Tepic,Nayarit
63170,Los Llanitos,Tepic,Nayarit
63172,Unidos por Tu Tranquilidad,Tepic,Nayarit
63173,Puerta Encanto,Tepic,Nayarit
63173,Nayarabastos,Tepic,Nayarit
63173,Olimpo,Tepic,Nayarit
63173,Del Sol,Tepic,Nayarit
63173,Aramara,Tepic,Nayarit
63173,Ejidal,Tepic,Nayarit
63173,Villas del Prado,Tepic,Nayarit
63173,Jardines del Parque,Tepic,Nayarit
63173,La Floresta,Tepic,Nayarit
63173,Villas del Roble,Tepic,Nayarit
63173,Ciudad Industrial,Tepic,Nayarit
63173,Jesús García,Tepic,Nayarit
63173,Vistas de La Cantera Etapa 2,Tepic,Nayarit
63173,Puesta del Sol,Tepic,Nayarit
63173,Ciudad Industrial Microindustria,Tepic,Nayarit
63173,Molinos del Rey,Tepic,Nayarit
63173,Justino Ávila Arce,Tepic,Nayarit
63173,Parque Ecológico,Tepic,Nayarit
63173,Puerta Jardín,Tepic,Nayarit
63173,El Rubí,Tepic,Nayarit
63173,Villas de La Cantera,Tepic,Nayarit
63173,Revolución,Tepic,Nayarit
63173,Villas del Molino,Tepic,Nayarit
63173,Jazmines,Tepic,Nayarit
63173,Cantera del Nayar,Tepic,Nayarit
63173,Villas del Parque,Tepic,Nayarit
63173,Vistas de La Cantera,Tepic,Nayarit
63174,Prieto Crispín,Tepic,Nayarit
63174,Flores Magón,Tepic,Nayarit
63174,Genaro Vázquez,Tepic,Nayarit
63174,Zitacua,Tepic,Nayarit
63174,4 Milpas,Tepic,Nayarit
63174,La Esperanza,Tepic,Nayarit
63174,Venceremos,Tepic,Nayarit
63175,Luis Donaldo Colosio Murrieta,Tepic,Nayarit
63175,Benito Juárez Oriente,Tepic,Nayarit
63175,Instituto Tecnológico de Tepic,Tepic,Nayarit
63175,Oriental,Tepic,Nayarit
63175,Dr. Cuesta Barrios,Tepic,Nayarit
63175,2 de Agosto,Tepic,Nayarit
63175,Gobernadores,Tepic,Nayarit
63175,Comerciantes,Tepic,Nayarit
63175,Lagos del Country,Tepic,Nayarit
63175,Valle del Country,Tepic,Nayarit
63176,Cáp. Orozco,Tepic,Nayarit
63176,Gustavo Díaz Ordaz,Tepic,Nayarit
63176,Colonial,Tepic,Nayarit
63177,Juventud,Tepic,Nayarit
63177,Esteban Baca Calderón,Tepic,Nayarit
63177,18 de Agosto,Tepic,Nayarit
63177,El Capomo,Tepic,Nayarit
63177,Ampliación Tierra y Libertad,Tepic,Nayarit
63177,Ferrocarrilero 1a Secc.,Tepic,Nayarit
63177,Simancas,Tepic,Nayarit
63177,Los Colomos,Tepic,Nayarit
63177,Villas del Nayar,Tepic,Nayarit
63177,Lirios,Tepic,Nayarit
63177,Villa las Rosas,Tepic,Nayarit
63177,Universitario (AGEUAN),Tepic,Nayarit
63177,Heriberto Jara,Tepic,Nayarit
63178,Tierra y Libertad,Tepic,Nayarit
63178,Luis Donaldo Colosio,Tepic,Nayarit
63179,Gilberto Flores Muñoz,Tepic,Nayarit
63180,Valle Dorado,Tepic,Nayarit
63180,Valle de Nayarit,Tepic,Nayarit
63180,Moctezuma,Tepic,Nayarit
63180,Cuauhtémoc,Tepic,Nayarit
63180,Bethel,Tepic,Nayarit
63180,Colinas del Rey,Tepic,Nayarit
63180,Burócrata Estatal,Tepic,Nayarit
63183,Insurgentes,Tepic,Nayarit
63184,Miravalles,Tepic,Nayarit
63184,Gardenias,Tepic,Nayarit
63185,Los Fresnos Poniente,Tepic,Nayarit
63185,Félix Peña,Tepic,Nayarit
63185,El 8,Tepic,Nayarit
63186,Predio San Martín,Tepic,Nayarit
63186,Leyva Medina,Tepic,Nayarit
63186,IMSS,Tepic,Nayarit
63189,Labores de Godínez,Tepic,Nayarit
63190,Lázaro Cárdenas,Tepic,Nayarit
63190,Aviación,Tepic,Nayarit
63190,15 de Mayo,Tepic,Nayarit
63190,Los Fresnos Oriente,Tepic,Nayarit
63190,Juan Escutia,Tepic,Nayarit
63193,Miguel Hidalgo,Tepic,Nayarit
63194,Nuevas Palomas,Tepic,Nayarit
63194,Puente de San Cayetano,Tepic,Nayarit
63194,Bonaterra,Tepic,Nayarit
63194,Valle Magno,Tepic,Nayarit
63194,El Armadillo,Tepic,Nayarit
63194,Ladrilleras,Tepic,Nayarit
63194,El Puerto,Tepic,Nayarit
63195,Conasupo,Tepic,Nayarit
63195,Marco Antonio Fernández,Tepic,Nayarit
63195,Severiano Ocegueda,Tepic,Nayarit
63195,Las Islas,Tepic,Nayarit
63195,Extamex,Tepic,Nayarit
63195,La Joya,Tepic,Nayarit
63195,Los Sauces INFONAVIT,Tepic,Nayarit
63195,Valle de Matatipac,Tepic,Nayarit
63195,Los Ciruelos,Tepic,Nayarit
63195,Paseo del Valle Real,Tepic,Nayarit
63195,Jacarandas,Tepic,Nayarit
63195,Las Palomas,Tepic,Nayarit
63196,El Guayabo,Tepic,Nayarit
63196,Caminera,Tepic,Nayarit
63196,26 de Septiembre,Tepic,Nayarit
63196,Nueva Aviación,Tepic,Nayarit
63196,Periodistas,Tepic,Nayarit
63196,Castilla,Tepic,Nayarit
63197,Hermosa Provincia,Tepic,Nayarit
63197,Los Fresnos INFONAVIT,Tepic,Nayarit
63197,Plan de Ayala,Tepic,Nayarit
63197,Los Fresnos,Tepic,Nayarit
63197,5 de Febrero,Tepic,Nayarit
63197,Los Sauces,Tepic,Nayarit
63197,Tabacos Aztecas,Tepic,Nayarit
63197,Niños Héroes,Tepic,Nayarit
63198,Villas de La Paz,Tepic,Nayarit
63199,José María Martínez (El Molino),Tepic,Nayarit
63200,Tuxpan Centro,Tuxpan,Nayarit
63202,Talpita,Tuxpan,Nayarit
63202,El Beis,Tuxpan,Nayarit
63202,Morelos,Tuxpan,Nayarit
63202,Antonio R. Laureles,Tuxpan,Nayarit
63202,Deportiva,Tuxpan,Nayarit
63203,Emiliano Zapata,Tuxpan,Nayarit
63203,Independencia,Tuxpan,Nayarit
63203,Francisco Villa,Tuxpan,Nayarit
63205,Guadalupe Peña,Tuxpan,Nayarit
63205,Juan Escutia,Tuxpan,Nayarit
63205,Ricardo Flores Magón,Tuxpan,Nayarit
63205,Magisterial,Tuxpan,Nayarit
63207,Ismael Verdín,Tuxpan,Nayarit
63207,Ángel Flores,Tuxpan,Nayarit
63207,Pueblo Nuevo,Tuxpan,Nayarit
63225,Benito Juárez,Tuxpan,Nayarit
63227,Cantarranas,Tuxpan,Nayarit
63300,Los Limos,Santiago Ixcuintla,Nayarit
63300,Santiago Ixcuintla Centro,Santiago Ixcuintla,Nayarit
63300,Cerro Chico,Santiago Ixcuintla,Nayarit
63310,Amado Nervo,Santiago Ixcuintla,Nayarit
63311,Magisterial,Santiago Ixcuintla,Nayarit
63311,Ramón López Velarde,Santiago Ixcuintla,Nayarit
63311,Universidad,Santiago Ixcuintla,Nayarit
63311,El Mirador,Santiago Ixcuintla,Nayarit
63311,Infonavit,Santiago Ixcuintla,Nayarit
63312,Independencia,Santiago Ixcuintla,Nayarit
63313,CTM,Santiago Ixcuintla,Nayarit
63320,Obrera,Santiago Ixcuintla,Nayarit
63321,Flores Magón,Santiago Ixcuintla,Nayarit
63330,Los Hornos,Santiago Ixcuintla,Nayarit
63330,19 de Septiembre,Santiago Ixcuintla,Nayarit
63330,Cuauhtémoc,Santiago Ixcuintla,Nayarit
63340,Nuevo México,Santiago Ixcuintla,Nayarit
63340,La Quinta,Santiago Ixcuintla,Nayarit
63341,Primero de Enero,Santiago Ixcuintla,Nayarit
63341,Las Flores,Santiago Ixcuintla,Nayarit
63350,Juárez,Santiago Ixcuintla,Nayarit
63351,12 de Octubre,Santiago Ixcuintla,Nayarit
63352,Luís Donaldo Colosio,Santiago Ixcuintla,Nayarit
63352,Villas de Ixcuintla,Santiago Ixcuintla,Nayarit
63352,Los Pinos,Santiago Ixcuintla,Nayarit
63360,Cerro Grande,Santiago Ixcuintla,Nayarit
63380,La Cruz,Santiago Ixcuintla,Nayarit
63380,Campo 7,Santiago Ixcuintla,Nayarit
63380,Yago Estación,Santiago Ixcuintla,Nayarit
63383,Pantano Grande,Santiago Ixcuintla,Nayarit
63384,Emerita,Santiago Ixcuintla,Nayarit
63384,Las Parejas,Santiago Ixcuintla,Nayarit
63384,Corral de Piedra,Santiago Ixcuintla,Nayarit
63384,Acaponetilla,Santiago Ixcuintla,Nayarit
63384,Redención,Santiago Ixcuintla,Nayarit
63384,Caramota,Santiago Ixcuintla,Nayarit
63385,El Cantón de Lozada,Santiago Ixcuintla,Nayarit
63385,Las Higueras,Santiago Ixcuintla,Nayarit
63385,El Manguito,Santiago Ixcuintla,Nayarit
63385,Acatán de las Piñas,Santiago Ixcuintla,Nayarit
63385,Hacienda Vieja,Santiago Ixcuintla,Nayarit
63385,Paso Real de Cahuipa,Santiago Ixcuintla,Nayarit
63386,El Colomo,Santiago Ixcuintla,Nayarit
63400,San José de Gracia,Acaponeta,Nayarit
63400,El Motaje,Acaponeta,Nayarit
63403,El Naranjo,Acaponeta,Nayarit
63403,El Vigal,Acaponeta,Nayarit
63403,La Morita (Anamorita),Acaponeta,Nayarit
63403,Las Mesitas,Acaponeta,Nayarit
63403,Las Higueras,Acaponeta,Nayarit
63403,La Lagunita,Acaponeta,Nayarit
63404,San Diego Naranjo,Acaponeta,Nayarit
63404,Mesa las Arpas,Acaponeta,Nayarit
63405,San Dieguito de Abajo,Acaponeta,Nayarit
63405,San Dieguito de Arriba,Acaponeta,Nayarit
63406,El Carrizo,Acaponeta,Nayarit
63406,Los Murillos,Acaponeta,Nayarit
63407,Mesa de la Laguna,Acaponeta,Nayarit
63407,El Duraznito,Acaponeta,Nayarit
63407,Santa Cruz,Acaponeta,Nayarit
63408,El Oro,Acaponeta,Nayarit
63408,San Diego de Alcalá,Acaponeta,Nayarit
63409,Cañones,Acaponeta,Nayarit
63409,La Guacamaya,Acaponeta,Nayarit
63409,El Carrizal,Acaponeta,Nayarit
63410,La Higuerita Nueva (El Carrizo),Acaponeta,Nayarit
63410,El Tigre,Acaponeta,Nayarit
63410,El Aguaje,Acaponeta,Nayarit
63410,La Bayona,Acaponeta,Nayarit
63412,El Guayabo,Acaponeta,Nayarit
63412,La Haciendilla,Acaponeta,Nayarit
63412,Cerro Bola,Acaponeta,Nayarit
63412,El Tacote,Acaponeta,Nayarit
63413,Hacienda de Mariquitas,Acaponeta,Nayarit
63413,Hacienda Vieja,Acaponeta,Nayarit
63413,Llano de Mariquitas,Acaponeta,Nayarit
63413,El Centenario,Acaponeta,Nayarit
63413,La Haciendita,Acaponeta,Nayarit
63413,El Recodo,Acaponeta,Nayarit
63413,Las Casitas,Acaponeta,Nayarit
63413,La Palma,Acaponeta,Nayarit
63413,Ochenta y Seis Batallón,Acaponeta,Nayarit
63414,Estación Crucero de Acaponeta,Acaponeta,Nayarit
63414,Las Palmitas,Acaponeta,Nayarit
63414,Hojas Anchas,Acaponeta,Nayarit
63415,Chalpa,Acaponeta,Nayarit
63415,Valle de la Urraca (El Cabildo),Acaponeta,Nayarit
63416,El Tejón (El Cantón),Acaponeta,Nayarit
63420,Piedra Ancha,Acaponeta,Nayarit
63420,Sayulilla,Acaponeta,Nayarit
63420,Llano de la Cruz,Acaponeta,Nayarit
63420,Casas Coloradas,Acaponeta,Nayarit
63420,La Cortez (El Zapote),Acaponeta,Nayarit
63421,El Alacrán,Acaponeta,Nayarit
63421,Buenavista (Las Paredes),Acaponeta,Nayarit
63421,La Higuerita Vieja,Acaponeta,Nayarit
63421,Los Sandovales,Acaponeta,Nayarit
63421,Las Bugambilias,Acaponeta,Nayarit
63423,Saycota,Acaponeta,Nayarit
63424,San Blasito,Acaponeta,Nayarit
63424,El Zapote,Acaponeta,Nayarit
63425,Amado Nervo,Acaponeta,Nayarit
63425,La Guásima,Acaponeta,Nayarit
63425,El Llorón,Acaponeta,Nayarit
63425,Arroyo de San Francisco,Acaponeta,Nayarit
63426,San Pedro de Honor,Acaponeta,Nayarit
63426,Mesa de Pedro Pablo,Acaponeta,Nayarit
63427,La Paloma Nueva Reforma,Acaponeta,Nayarit
63427,San Miguel,Acaponeta,Nayarit
63427,La Paloma Primera,Acaponeta,Nayarit
63429,San Francisco,Acaponeta,Nayarit
63429,Zavala,Acaponeta,Nayarit
63429,San José de Motaje,Acaponeta,Nayarit
63429,El Resbalón,Acaponeta,Nayarit
63430,Acaponeta Centro,Acaponeta,Nayarit
63433,Obrera,Acaponeta,Nayarit
63434,Jardín,Acaponeta,Nayarit
63434,El Camichin,Acaponeta,Nayarit
63434,Antonio Chumacero,Acaponeta,Nayarit
63434,Infonavit,Acaponeta,Nayarit
63435,El Molino,Acaponeta,Nayarit
63435,Independencia,Acaponeta,Nayarit
63435,Porfirio Vázquez Cosío,Acaponeta,Nayarit
63435,Nueva Galaxia,Acaponeta,Nayarit
63435,INVINAY,Acaponeta,Nayarit
63436,Las Colonias,Acaponeta,Nayarit
63436,Mazatlancito,Acaponeta,Nayarit
63436,La Capilla,Acaponeta,Nayarit
63437,Juan Escutia,Acaponeta,Nayarit
63437,Lázaro Cárdenas,Acaponeta,Nayarit
63437,Las Mojoneras,Acaponeta,Nayarit
63438,Cerro de la Cruz,Acaponeta,Nayarit
63438,Cerro de la Glorieta,Acaponeta,Nayarit
63440,Guamuchilito,Tecuala,Nayarit
63440,Las Anonas,Tecuala,Nayarit
63440,El Arrayán,Tecuala,Nayarit
63443,Antonio R. Laureles,Tecuala,Nayarit
63444,Los Morillos,Tecuala,Nayarit
63445,El Limón,Tecuala,Nayarit
63445,Los Esteros,Tecuala,Nayarit
63446,El Pato,Tecuala,Nayarit
63446,El Filo,Tecuala,Nayarit
63446,El Pozole,Tecuala,Nayarit
63446,San Felipe Aztatán,Tecuala,Nayarit
63446,Milpas Viejas,Tecuala,Nayarit
63447,La Presa,Tecuala,Nayarit
63449,Las Lumbres,Tecuala,Nayarit
63449,Palo Blanco,Tecuala,Nayarit
63449,Cuastecomate (Los Tecomates),Tecuala,Nayarit
63449,La Magdalena,Tecuala,Nayarit
63450,Mancillas,Tecuala,Nayarit
63450,Tecuala Centro,Tecuala,Nayarit
63453,Del Río,Tecuala,Nayarit
63453,Las Brisas,Tecuala,Nayarit
63453,La Loma,Tecuala,Nayarit
63453,El Tacote,Tecuala,Nayarit
63453,Libertad,Tecuala,Nayarit
63454,Juan Escutia,Tecuala,Nayarit
63454,Pueblo Nuevo,Tecuala,Nayarit
63455,Luis Donaldo Colosio,Tecuala,Nayarit
63455,La Bomba,Tecuala,Nayarit
63455,Prolongación Galeana,Tecuala,Nayarit
63455,Vicente Guerrero,Tecuala,Nayarit
63455,Chino,Tecuala,Nayarit
63455,Patria Nueva,Tecuala,Nayarit
63455,El Tinaco,Tecuala,Nayarit
63455,Los Camichines,Tecuala,Nayarit
63455,Revolución,Tecuala,Nayarit
63455,Amado Nervo,Tecuala,Nayarit
63455,CNOP PRI,Tecuala,Nayarit
63456,Camalotita,Tecuala,Nayarit
63457,Agua Verde (El Salto),Tecuala,Nayarit
63458,Pajaritos,Tecuala,Nayarit
63458,Los Remos,Tecuala,Nayarit
63458,Huajuquilla,Tecuala,Nayarit
63459,Atotonilco,Tecuala,Nayarit
63460,Quimichis,Tecuala,Nayarit
63463,Río Viejo,Tecuala,Nayarit
63463,Paso Hondo,Tecuala,Nayarit
63463,Chocota,Tecuala,Nayarit
63464,Arenitas,Tecuala,Nayarit
63464,El Roblito,Tecuala,Nayarit
63464,El Tecomate,Tecuala,Nayarit
63466,La Puntilla,Tecuala,Nayarit
63466,San Cayetano,Tecuala,Nayarit
63466,Novillero,Tecuala,Nayarit
63466,Playa Novillero,Tecuala,Nayarit
63470,Tierra Generosa,Tecuala,Nayarit
63480,Huajicori,Huajicori,Nayarit
63484,Las Cebollitas,Huajicori,Nayarit
63485,Santa María de Picachos,Huajicori,Nayarit
63485,El Tepehuaje,Huajicori,Nayarit
63485,Zapotillos,Huajicori,Nayarit
63486,Quiviquinta,Huajicori,Nayarit
63487,San Francisco del Caimán,Huajicori,Nayarit
63489,La Estancia,Huajicori,Nayarit
63489,Valle Morelos (Higuera Gacha),Huajicori,Nayarit
63489,Potrerillos,Huajicori,Nayarit
63494,Mesa de los Ricos,Huajicori,Nayarit
63494,La Murallita,Huajicori,Nayarit
63495,San Andrés Milpillas,Huajicori,Nayarit
63495,El Colomo,Huajicori,Nayarit
63496,El Aserradero,Huajicori,Nayarit
63496,Llano Grande,Huajicori,Nayarit
63497,Acatita,Huajicori,Nayarit
63497,Mineral de Cucharas,Huajicori,Nayarit
63497,El Guamuchilito,Huajicori,Nayarit
63499,Guamuchilar,Huajicori,Nayarit
63499,Contadero,Huajicori,Nayarit
63500,El Campo,Tepic,Nayarit
63500,18 de Marzo,Tepic,Nayarit
63500,El Cerro,Tepic,Nayarit
63500,Las Parejas,Tepic,Nayarit
63500,Lázaro Cárdenas,Tepic,Nayarit
63500,Caja de Agua,Tepic,Nayarit
63500,Nueva Valey,Tepic,Nayarit
63500,Las Cruces,Tepic,Nayarit
63500,Hebrón,Tepic,Nayarit
63500,Francisco I Madero Centro,Tepic,Nayarit
63500,El Chorro,Tepic,Nayarit
63500,Los Sabinos,Tepic,Nayarit
63500,Francisco Velázquez,Tepic,Nayarit
63501,Bellavista,Tepic,Nayarit
63502,El Rincón,Tepic,Nayarit
63502,San Andrés,Tepic,Nayarit
63502,Centro Federal de Readaptación Social No 4 El Rincón,Tepic,Nayarit
63503,San Fernando,Tepic,Nayarit
63504,Mora,Tepic,Nayarit
63504,Seis de Enero,Tepic,Nayarit
63504,La Esperanza,Tepic,Nayarit
63505,La Fortuna,Tepic,Nayarit
63505,Morelos II,Tepic,Nayarit
63505,El Pichón,Tepic,Nayarit
63505,Lo de Lamedo,Tepic,Nayarit
63506,La Cantera,Tepic,Nayarit
63507,Platanitos,Tepic,Nayarit
63507,El Aguacate,Tepic,Nayarit
63507,Venustiano Carranza,Tepic,Nayarit
63507,Las Delicias,Tepic,Nayarit
63507,El Izote,Tepic,Nayarit
63508,La Escondida,Tepic,Nayarit
63508,La Planta,Tepic,Nayarit
63508,Camichín de Jauja,Tepic,Nayarit
63509,El Refugio,Tepic,Nayarit
63510,Cinco de Mayo (El Ciruelo),Tepic,Nayarit
63510,El Jicote,Tepic,Nayarit
63510,Catorce de Marzo,Tepic,Nayarit
63511,El Verde,Tepic,Nayarit
63511,Volcanes,Tepic,Nayarit
63511,La Guadalupana,Tepic,Nayarit
63511,La Corregidora,Tepic,Nayarit
63511,Puente de San Cayetano,Tepic,Nayarit
63511,Novillero,Tepic,Nayarit
63511,Diamante,Tepic,Nayarit
63511,Las Joyas,Tepic,Nayarit
63511,San Cayetano,Tepic,Nayarit
63512,Lo de García,Tepic,Nayarit
63512,Las Peñitas (La Repisa),Tepic,Nayarit
63513,Estación Roseta,Tepic,Nayarit
63514,Los Salazares,Tepic,Nayarit
63514,Las Pilas (El Tepeguaje),Tepic,Nayarit
63515,El Espino,Tepic,Nayarit
63515,Benito Juárez (Las Chivas),Tepic,Nayarit
63516,El Limón,Tepic,Nayarit
63516,Jumatan,Tepic,Nayarit
63517,Barranca Blanca,Tepic,Nayarit
63517,El Trapichillo,Tepic,Nayarit
63518,Pajuelazo (El Guanacaste),Tepic,Nayarit
63518,La Resolana,Tepic,Nayarit
63518,La Herradura,Tepic,Nayarit
63519,La Yerba,Tepic,Nayarit
63520,El Colorado,Tepic,Nayarit
63522,Jesús María Cortez,Tepic,Nayarit
63523,Atonalisco,Tepic,Nayarit
63524,El Floreño (El Capulín),Tepic,Nayarit
63524,Buenos Aires,Tepic,Nayarit
63524,Santiago de Pochotitán,Tepic,Nayarit
63524,Caleras de Cofrados,Tepic,Nayarit
63526,El Vicenteño,Tepic,Nayarit
63526,Zapote de Picachos,Tepic,Nayarit
63527,San Luis de Lozada,Tepic,Nayarit
63528,Mesa de Picachos (El Casco),Tepic,Nayarit
63529,Las Blancas (Carretones de Cerritos),Tepic,Nayarit
63530,Jesús María,Del Nayar,Nayarit
63533,El Colomo,Del Nayar,Nayarit
63533,Santa Bárbara,Del Nayar,Nayarit
63533,El Segundo Paso,Del Nayar,Nayarit
63533,Los Serranos,Del Nayar,Nayarit
63533,Zapopan,Del Nayar,Nayarit
63533,Arroyo Capomo,Del Nayar,Nayarit
63533,El Salitre,Del Nayar,Nayarit
63533,El Tesorero,Del Nayar,Nayarit
63533,Teodoro Valentín,Del Nayar,Nayarit
63533,Las Huertitas,Del Nayar,Nayarit
63533,Cerro Pelón,Del Nayar,Nayarit
63533,Terrurúripa,Del Nayar,Nayarit
63533,Aurelio de la Cruz Serrano,Del Nayar,Nayarit
63533,Cerro Chino,Del Nayar,Nayarit
63533,El Limón,Del Nayar,Nayarit
63533,El Molino,Del Nayar,Nayarit
63533,La Laguna,Del Nayar,Nayarit
63533,La Nanchilera,Del Nayar,Nayarit
63533,Los Corpos,Del Nayar,Nayarit
63533,Los Cuervitos,Del Nayar,Nayarit
63533,San Isidro,Del Nayar,Nayarit
63533,El Cascabel,Del Nayar,Nayarit
63533,El Purgatorio,Del Nayar,Nayarit
63533,Guapinole,Del Nayar,Nayarit
63533,La Mojonera,Del Nayar,Nayarit
63533,La Palma,Del Nayar,Nayarit
63533,Las Ranas,Del Nayar,Nayarit
63533,Santa Rosa,Del Nayar,Nayarit
63533,Santos Rojas,Del Nayar,Nayarit
63533,Ciénega de Santa Rosa,Del Nayar,Nayarit
63533,El Banco,Del Nayar,Nayarit
63533,El Caligüey,Del Nayar,Nayarit
63533,Los Ladrillos,Del Nayar,Nayarit
63533,La Mojarra,Del Nayar,Nayarit
63533,Los Manguitos,Del Nayar,Nayarit
63533,San Joaquín,Del Nayar,Nayarit
63533,El Saucito,Del Nayar,Nayarit
63533,El Trigalillo,Del Nayar,Nayarit
63533,Los Aguacates,Del Nayar,Nayarit
63533,Los Bancos,Del Nayar,Nayarit
63533,Picachitos (Juan Sabás),Del Nayar,Nayarit
63534,Arroyo del Fraile,Del Nayar,Nayarit
63534,El Jazmín,Del Nayar,Nayarit
63534,La Banquita,Del Nayar,Nayarit
63534,El Chalate,Del Nayar,Nayarit
63534,El Picacho,Del Nayar,Nayarit
63534,La Guerra,Del Nayar,Nayarit
63534,Los Brincos,Del Nayar,Nayarit
63534,Arroyo de Santiago,Del Nayar,Nayarit
63534,El Algodonal,Del Nayar,Nayarit
63534,El Capomo,Del Nayar,Nayarit
63534,La Concepción,Del Nayar,Nayarit
63534,La Mesita (El Llano Grande),Del Nayar,Nayarit
63534,San Francisco,Del Nayar,Nayarit
63534,Arroyo Hondo,Del Nayar,Nayarit
63534,Boca del Arroyo,Del Nayar,Nayarit
63534,La Ciénega,Del Nayar,Nayarit
63534,La Cuesta,Del Nayar,Nayarit
63534,La Mezquitera,Del Nayar,Nayarit
63534,Piedra Iglesia,Del Nayar,Nayarit
63534,Puente el Fraile,Del Nayar,Nayarit
63534,Boca de Arroyo Santiago,Del Nayar,Nayarit
63534,El Pastor,Del Nayar,Nayarit
63534,El Zapote,Del Nayar,Nayarit
63534,Ixtalpa,Del Nayar,Nayarit
63534,Rancho de Petra,Del Nayar,Nayarit
63534,Rancho Viejo,Del Nayar,Nayarit
63534,La Palma,Del Nayar,Nayarit
63534,Los Arrayanes,Del Nayar,Nayarit
63534,Arroyo Cañaveral,Del Nayar,Nayarit
63534,El Campamento (La Silleta),Del Nayar,Nayarit
63534,Palomas,Del Nayar,Nayarit
63534,Santa Cruz,Del Nayar,Nayarit
63534,El Chalate,Del Nayar,Nayarit
63534,La Mesa del Roblar,Del Nayar,Nayarit
63534,Laguna de Ojo de Agua,Del Nayar,Nayarit
63534,Las Patas,Del Nayar,Nayarit
63534,Los Manguitos,Del Nayar,Nayarit
63535,La Cebolleta,Del Nayar,Nayarit
63535,La Ciénega de San Felipe,Del Nayar,Nayarit
63535,La Curva,Del Nayar,Nayarit
63535,Las Patillas,Del Nayar,Nayarit
63535,El Arco,Del Nayar,Nayarit
63535,El Saucito Peyotán,Del Nayar,Nayarit
63535,La Metatita,Del Nayar,Nayarit
63535,Las Adjuntas,Del Nayar,Nayarit
63535,Rancho del Bajío,Del Nayar,Nayarit
63535,El Reventón,Del Nayar,Nayarit
63535,El Rincón,Del Nayar,Nayarit
63535,Los Alacranes,Del Nayar,Nayarit
63535,Campatehuala,Del Nayar,Nayarit
63535,San Juan Peyotán,Del Nayar,Nayarit
63535,El Arrayán,Del Nayar,Nayarit
63535,El Gabino,Del Nayar,Nayarit
63535,Peña Blanca,Del Nayar,Nayarit
63535,Atonalisco,Del Nayar,Nayarit
63535,El Zapote,Del Nayar,Nayarit
63535,La China,Del Nayar,Nayarit
63535,La Peña Blanca,Del Nayar,Nayarit
63535,Arroyo del Guamúchil,Del Nayar,Nayarit
63535,El Chalate,Del Nayar,Nayarit
63535,El Limón,Del Nayar,Nayarit
63535,La Lechuguilla,Del Nayar,Nayarit
63535,Ortega,Del Nayar,Nayarit
63535,Bajío de la Cebolleta,Del Nayar,Nayarit
63535,El Picacho,Del Nayar,Nayarit
63535,Los Arrayanes,Del Nayar,Nayarit
63535,Los Corpos,Del Nayar,Nayarit
63536,Cabeza de Venado,Del Nayar,Nayarit
63536,Cofradía de Pericos,Del Nayar,Nayarit
63536,Comal de Peñita,Del Nayar,Nayarit
63536,El Agua Caliente,Del Nayar,Nayarit
63536,El Pitallito,Del Nayar,Nayarit
63536,El Zapote,Del Nayar,Nayarit
63536,La Quemada,Del Nayar,Nayarit
63536,Las Peñas Coloradas,Del Nayar,Nayarit
63536,Los Aguacates,Del Nayar,Nayarit
63536,Los Medina,Del Nayar,Nayarit
63536,Nochecita,Del Nayar,Nayarit
63536,Tierras Blancas del Picacho,Del Nayar,Nayarit
63536,Arrayanes,Del Nayar,Nayarit
63536,El Capomo,Del Nayar,Nayarit
63536,La Mesa,Del Nayar,Nayarit
63536,La Nopalera,Del Nayar,Nayarit
63536,Coyultita de Jazmines,Del Nayar,Nayarit
63536,El Capomo,Del Nayar,Nayarit
63536,El Naranjo,Del Nayar,Nayarit
63536,El Quicuixtle,Del Nayar,Nayarit
63536,Guamuchilillo,Del Nayar,Nayarit
63536,Guásima del Metate,Del Nayar,Nayarit
63536,Tierra Caliente,Del Nayar,Nayarit
63536,El Duraznito,Del Nayar,Nayarit
63536,El Manguito,Del Nayar,Nayarit
63536,El Zapote,Del Nayar,Nayarit
63536,Las Cuevas,Del Nayar,Nayarit
63536,Los Tigres (El Metate),Del Nayar,Nayarit
63536,El Ciruelar,Del Nayar,Nayarit
63536,El Maguey,Del Nayar,Nayarit
63536,El Zapote,Del Nayar,Nayarit
63536,Los Encinos,Del Nayar,Nayarit
63536,El Conejo,Del Nayar,Nayarit
63536,El Guayabo,Del Nayar,Nayarit
63536,El Sapo,Del Nayar,Nayarit
63536,Gabino Severiano,Del Nayar,Nayarit
63536,La Palma,Del Nayar,Nayarit
63536,Los Aires,Del Nayar,Nayarit
63536,El Chalate,Del Nayar,Nayarit
63536,El Limón,Del Nayar,Nayarit
63536,Las Tapias (Santa Gertrudis),Del Nayar,Nayarit
63536,Los Guajolotes,Del Nayar,Nayarit
63536,Jazmines de Coyultita,Del Nayar,Nayarit
63536,Zoquipan,Del Nayar,Nayarit
63536,Arroyo de Pericos,Del Nayar,Nayarit
63536,El Risco,Del Nayar,Nayarit
63536,Los Cuervitos,Del Nayar,Nayarit
63536,Rancho Nuevo (Juventino),Del Nayar,Nayarit
63537,Alto de Ventanas,Del Nayar,Nayarit
63537,La Loma de los Encinos,Del Nayar,Nayarit
63537,Las Cuevas,Del Nayar,Nayarit
63537,Los Encinos,Del Nayar,Nayarit
63537,La Mata,Del Nayar,Nayarit
63537,La Mesa de la Pitayera,Del Nayar,Nayarit
63537,La Palmita,Del Nayar,Nayarit
63537,Las Palmas,Del Nayar,Nayarit
63537,Los Guayabos,Del Nayar,Nayarit
63537,Huaynamota,Del Nayar,Nayarit
63537,Arroyo Barbón,Del Nayar,Nayarit
63537,Carrizal de las Vigas,Del Nayar,Nayarit
63537,El Rincón,Del Nayar,Nayarit
63537,Tutuyecuamama,Del Nayar,Nayarit
63537,Vuelta del Cerro,Del Nayar,Nayarit
63537,La Ciénega,Del Nayar,Nayarit
63537,Las Adjuntas (La Peña),Del Nayar,Nayarit
63537,Las Cruces,Del Nayar,Nayarit
63537,Los Sabinos,Del Nayar,Nayarit
63537,Los Yugos,Del Nayar,Nayarit
63537,El Espejo,Del Nayar,Nayarit
63537,Rancho de Emilia,Del Nayar,Nayarit
63537,El Pinito,Del Nayar,Nayarit
63537,Las Guásimas,Del Nayar,Nayarit
63537,Teneracas,Del Nayar,Nayarit
63537,Tierra Blanca (El Tempisque),Del Nayar,Nayarit
63537,Chapiles,Del Nayar,Nayarit
63537,El Rincón,Del Nayar,Nayarit
63537,El Zopilote,Del Nayar,Nayarit
63537,Guásimas del Caimán,Del Nayar,Nayarit
63537,Jazmines,Del Nayar,Nayarit
63537,Palma Chica,Del Nayar,Nayarit
63537,Paredes,Del Nayar,Nayarit
63538,El Anonito,Del Nayar,Nayarit
63538,El Ciruelar,Del Nayar,Nayarit
63538,El Guariche,Del Nayar,Nayarit
63538,El Tepetate,Del Nayar,Nayarit
63538,Coyultita de Mala Noche,Del Nayar,Nayarit
63538,El Nogal,Del Nayar,Nayarit
63538,Las Azucenas,Del Nayar,Nayarit
63538,Las Palmas,Del Nayar,Nayarit
63538,Los Barros Negros,Del Nayar,Nayarit
63538,Los Cajones,Del Nayar,Nayarit
63538,San Pablo,Del Nayar,Nayarit
63538,El Pino,Del Nayar,Nayarit
63538,Puerto de Mala Noche,Del Nayar,Nayarit
63538,Agua Caliente,Del Nayar,Nayarit
63538,Aguamilpa,Del Nayar,Nayarit
63538,Caimantita,Del Nayar,Nayarit
63538,El Vicenteño (Calaveras),Del Nayar,Nayarit
63538,La Travesía,Del Nayar,Nayarit
63538,Las Matas (El Chalate),Del Nayar,Nayarit
63538,Los Parejos,Del Nayar,Nayarit
63538,Caleras,Del Nayar,Nayarit
63538,Cuauhtémoc,Del Nayar,Nayarit
63538,El Carrizal,Del Nayar,Nayarit
63538,El Colorín,Del Nayar,Nayarit
63538,Las Cuevas,Del Nayar,Nayarit
63538,El Aire,Del Nayar,Nayarit
63538,El Cordón,Del Nayar,Nayarit
63538,El Papalote,Del Nayar,Nayarit
63538,El Sordo,Del Nayar,Nayarit
63538,El Vicenteño (Huamiloya),Del Nayar,Nayarit
63538,La Ventanilla,Del Nayar,Nayarit
63538,Las Higueras,Del Nayar,Nayarit
63538,San Luisito,Del Nayar,Nayarit
63538,El Novillero,Del Nayar,Nayarit
63538,Potrero de la Palmita,Del Nayar,Nayarit
63538,San Rafael,Del Nayar,Nayarit
63538,Higuera Gorda,Del Nayar,Nayarit
63538,Corrales,Del Nayar,Nayarit
63538,El Manguito,Del Nayar,Nayarit
63538,El Ranchito,Del Nayar,Nayarit
63538,La Higuerita,Del Nayar,Nayarit
63538,La Nanchilera,Del Nayar,Nayarit
63538,La Nanchilera,Del Nayar,Nayarit
63538,La Polvareda (Higueral de Don Pancho),Del Nayar,Nayarit
63538,Las Guineas de Guadalupe,Del Nayar,Nayarit
63538,Rancho Viejo,Del Nayar,Nayarit
63538,Zapotán,Del Nayar,Nayarit
63539,El Sauz,Del Nayar,Nayarit
63539,Los Hornitos,Del Nayar,Nayarit
63539,El Manguito,Del Nayar,Nayarit
63539,Gualupillo,Del Nayar,Nayarit
63539,Naranjito de Copal,Del Nayar,Nayarit
63539,El Pinito (Pedro Esparza),Del Nayar,Nayarit
63539,Paso de Álica (Agua Buena),Del Nayar,Nayarit
63539,La Laguna Seca,Del Nayar,Nayarit
63539,Laguna de las Vacas,Del Nayar,Nayarit
63539,La Mesa (Goyo),Del Nayar,Nayarit
63539,Palomas,Del Nayar,Nayarit
63539,Playa de Golondrinas,Del Nayar,Nayarit
63539,Rancho Alegre (Agua Hedionda),Del Nayar,Nayarit
63539,El Mango,Del Nayar,Nayarit
63539,El Saucito,Del Nayar,Nayarit
63539,La Palmita,Del Nayar,Nayarit
63539,El Roble,Del Nayar,Nayarit
63539,Paso de Lozada,Del Nayar,Nayarit
63540,El Bajío,Del Nayar,Nayarit
63540,Los Chapiles (Hitachi),Del Nayar,Nayarit
63540,Santa Teresa,Del Nayar,Nayarit
63540,El Carrizo,Del Nayar,Nayarit
63540,Las Tortugas,Del Nayar,Nayarit
63540,Mesa de Cocorochas,Del Nayar,Nayarit
63540,Santa Anita,Del Nayar,Nayarit
63540,Las Pulgas,Del Nayar,Nayarit
63540,San Victoria,Del Nayar,Nayarit
63540,Cebollitas,Del Nayar,Nayarit
63540,Cerro del Águila,Del Nayar,Nayarit
63543,Anselmo Lemus Valle,Del Nayar,Nayarit
63543,Cerro Cantador,Del Nayar,Nayarit
63543,Los Tacos,Del Nayar,Nayarit
63543,Los Tenamaxtles,Del Nayar,Nayarit
63543,Dolores,Del Nayar,Nayarit
63543,Asención Lemus Valle,Del Nayar,Nayarit
63543,Cerritos (Tierras Blancas),Del Nayar,Nayarit
63543,El Portezuelo,Del Nayar,Nayarit
63543,Guásimas,Del Nayar,Nayarit
63543,Los Padres,Del Nayar,Nayarit
63543,Los Pinitos (Dolores Viejo),Del Nayar,Nayarit
63543,Tierras Blancas,Del Nayar,Nayarit
63543,Coyultita,Del Nayar,Nayarit
63543,El Brinco,Del Nayar,Nayarit
63543,El Caimán,Del Nayar,Nayarit
63543,El Manguito,Del Nayar,Nayarit
63543,El Sobadero,Del Nayar,Nayarit
63543,La Pintada,Del Nayar,Nayarit
63543,Las Habitas,Del Nayar,Nayarit
63543,San Vicente Viejo,Del Nayar,Nayarit
63543,Tapinada,Del Nayar,Nayarit
63543,Tierras Coloradas,Del Nayar,Nayarit
63543,El Cangrejo,Del Nayar,Nayarit
63543,Las Conchas,Del Nayar,Nayarit
63543,Mesa de los Huicholes,Del Nayar,Nayarit
63543,Petronilo Gutiérrez,Del Nayar,Nayarit
63543,San Isidro,Del Nayar,Nayarit
63543,Zeferinos,Del Nayar,Nayarit
63543,Las Mesitas,Del Nayar,Nayarit
63543,Melesio Valle Gómez,Del Nayar,Nayarit
63543,Palo Boludo,Del Nayar,Nayarit
63543,El Aguacate,Del Nayar,Nayarit
63543,El Roblito,Del Nayar,Nayarit
63543,Juan Carrillo,Del Nayar,Nayarit
63543,Las Palmas,Del Nayar,Nayarit
63543,Los Guajolotes,Del Nayar,Nayarit
63543,La Bonita,Del Nayar,Nayarit
63543,Magdaleno Pérez Carrillo,Del Nayar,Nayarit
63543,San Vicente,Del Nayar,Nayarit
63543,El Guaco,Del Nayar,Nayarit
63543,La Cofradía (Tierras Blancas),Del Nayar,Nayarit
63543,Las Tortugas,Del Nayar,Nayarit
63543,Los Coamiles,Del Nayar,Nayarit
63543,Piedra Bola,Del Nayar,Nayarit
63543,Sixto Santiago Lincer,Del Nayar,Nayarit
63544,Camaleones,Del Nayar,Nayarit
63544,Las Guitarras,Del Nayar,Nayarit
63544,Rancho Viejo,Del Nayar,Nayarit
63544,Santa Cruz,Del Nayar,Nayarit
63544,Tapeistes,Del Nayar,Nayarit
63544,Los Cueros,Del Nayar,Nayarit
63544,Los Fierros,Del Nayar,Nayarit
63544,Los Zorrillos,Del Nayar,Nayarit
63544,La Mesita,Del Nayar,Nayarit
63544,Ojo de Agua,Del Nayar,Nayarit
63544,Pico del Águila (Tankanini),Del Nayar,Nayarit
63544,Rancho Doroteo,Del Nayar,Nayarit
63544,Santa Gertrudis,Del Nayar,Nayarit
63544,La Cieneguita,Del Nayar,Nayarit
63544,Los Carrizos,Del Nayar,Nayarit
63544,La Yerba,Del Nayar,Nayarit
63544,Tierras Cuevas,Del Nayar,Nayarit
63544,Las Guacamayas,Del Nayar,Nayarit
63544,Linda Vista,Del Nayar,Nayarit
63544,Los Conejos,Del Nayar,Nayarit
63545,La Ventana,Del Nayar,Nayarit
63545,Los Arenales,Del Nayar,Nayarit
63545,Cañada de la Laguna,Del Nayar,Nayarit
63545,La Palma,Del Nayar,Nayarit
63545,Los Corralitos,Del Nayar,Nayarit
63545,Juan Pérez,Del Nayar,Nayarit
63545,Vigilio Carrillo,Del Nayar,Nayarit
63545,Las Minas,Del Nayar,Nayarit
63545,Los Huizaches,Del Nayar,Nayarit
63545,Pitorreales,Del Nayar,Nayarit
63545,La Ciénega,Del Nayar,Nayarit
63545,Los Llanitos,Del Nayar,Nayarit
63545,Los Nopales (Karurita),Del Nayar,Nayarit
63546,Anastasio Melchor Due,Del Nayar,Nayarit
63546,Los Tepetates,Del Nayar,Nayarit
63546,Rancho de Gervasio,Del Nayar,Nayarit
63546,Aserradero,Del Nayar,Nayarit
63546,Las Vigas,Del Nayar,Nayarit
63546,Manuel Pancho,Del Nayar,Nayarit
63546,El Cangrejo,Del Nayar,Nayarit
63546,La Taberna,Del Nayar,Nayarit
63546,Los Alacranes,Del Nayar,Nayarit
63546,El Molcajete,Del Nayar,Nayarit
63546,El Rincón (Las Sillas),Del Nayar,Nayarit
63546,Guadalupe (El Magueyito),Del Nayar,Nayarit
63546,Luis Romero (Las Cocorochas),Del Nayar,Nayarit
63546,Mesa del Nayar,Del Nayar,Nayarit
63546,La Ciénega,Del Nayar,Nayarit
63546,San Rafael (San Rafael Alto),Del Nayar,Nayarit
63546,Las Avispas,Del Nayar,Nayarit
63546,Los Robles,Del Nayar,Nayarit
63546,Sacaymota,Del Nayar,Nayarit
63546,El Duende,Del Nayar,Nayarit
63546,La Laguna,Del Nayar,Nayarit
63546,Rancho de Antolino,Del Nayar,Nayarit
63546,Rancho de Margarito,Del Nayar,Nayarit
63547,El Guaco,Del Nayar,Nayarit
63547,El Pescuezo,Del Nayar,Nayarit
63547,El Sabino,Del Nayar,Nayarit
63547,El Tepetate,Del Nayar,Nayarit
63547,Los Granos,Del Nayar,Nayarit
63547,Zoquipilla,Del Nayar,Nayarit
63547,El Durazno,Del Nayar,Nayarit
63547,El Guayabito,Del Nayar,Nayarit
63547,La Ciénega,Del Nayar,Nayarit
63547,La Palma,Del Nayar,Nayarit
63547,La Segueta,Del Nayar,Nayarit
63547,Las Sillas,Del Nayar,Nayarit
63547,Los Tabacos,Del Nayar,Nayarit
63547,Cerro Redondo,Del Nayar,Nayarit
63547,El Cerrito,Del Nayar,Nayarit
63547,La Cofradía Uno,Del Nayar,Nayarit
63547,La Silleta,Del Nayar,Nayarit
63547,Los Calixtro,Del Nayar,Nayarit
63547,Picachitos,Del Nayar,Nayarit
63547,Primer Paso,Del Nayar,Nayarit
63547,Agua Caliente,Del Nayar,Nayarit
63547,El Mirador,Del Nayar,Nayarit
63547,El Pinito,Del Nayar,Nayarit
63547,La Joya,Del Nayar,Nayarit
63547,La Laguna,Del Nayar,Nayarit
63547,Las Pilas,Del Nayar,Nayarit
63547,Los Sabinos,Del Nayar,Nayarit
63547,Pajarillos,Del Nayar,Nayarit
63547,Gavilanes,Del Nayar,Nayarit
63547,El Carrizal,Del Nayar,Nayarit
63547,El Pinito Nuevo (La Muñeca),Del Nayar,Nayarit
63547,Las Guayabas,Del Nayar,Nayarit
63547,Las Tarabillas,Del Nayar,Nayarit
63547,Los Bules,Del Nayar,Nayarit
63547,Rancho de Santos García,Del Nayar,Nayarit
63547,Gualacamote,Del Nayar,Nayarit
63547,La Lamedera,Del Nayar,Nayarit
63547,Pajaritos,Del Nayar,Nayarit
63547,Arroyo de Camarones,Del Nayar,Nayarit
63547,Huizache,Del Nayar,Nayarit
63547,La Nopalera,Del Nayar,Nayarit
63547,Los Lirios,Del Nayar,Nayarit
63547,Mesa de los Cánare,Del Nayar,Nayarit
63547,El Nanchi,Del Nayar,Nayarit
63547,La Puerta,Del Nayar,Nayarit
63547,Los Limones,Del Nayar,Nayarit
63547,Rancho de Leandro Estrada,Del Nayar,Nayarit
63548,Los Ciruelos,Del Nayar,Nayarit
63548,La Ciénega de las Limas,Del Nayar,Nayarit
63548,La Cueva Prieta,Del Nayar,Nayarit
63548,La Cumbre del Duraznito,Del Nayar,Nayarit
63548,La Piedra del Cangrejo,Del Nayar,Nayarit
63548,La Puerta,Del Nayar,Nayarit
63548,Las Calandrias,Del Nayar,Nayarit
63548,Las Maravillas,Del Nayar,Nayarit
63548,Las Ollas,Del Nayar,Nayarit
63548,Las Pestañas,Del Nayar,Nayarit
63548,Los Aires,Del Nayar,Nayarit
63548,Rancho de Eustorgio,Del Nayar,Nayarit
63548,Las Hormigas,Del Nayar,Nayarit
63548,Arroyo del Capomo,Del Nayar,Nayarit
63548,El Agua Caliente,Del Nayar,Nayarit
63548,El Nogal,Del Nayar,Nayarit
63548,La Ladrillera,Del Nayar,Nayarit
63548,Las Iguanas,Del Nayar,Nayarit
63548,Los Arrayanes,Del Nayar,Nayarit
63548,Los Mangos,Del Nayar,Nayarit
63548,Peñasco Blanco,Del Nayar,Nayarit
63548,Rancho de Mariano,Del Nayar,Nayarit
63548,Rancho de Pánfilo,Del Nayar,Nayarit
63548,Arroyo de la Cueva,Del Nayar,Nayarit
63548,Ciénega del Mango,Del Nayar,Nayarit
63548,El Aserradero,Del Nayar,Nayarit
63548,El Camichín,Del Nayar,Nayarit
63548,El Carrizo,Del Nayar,Nayarit
63548,El Tempisque,Del Nayar,Nayarit
63548,Gualsamayeta,Del Nayar,Nayarit
63548,Jazmín del Coquito,Del Nayar,Nayarit
63548,Los Ciruelitos,Del Nayar,Nayarit
63548,Peñas Amarillas,Del Nayar,Nayarit
63548,Santa Cruz de Guaybel,Del Nayar,Nayarit
63548,Cerro de la Lluvia,Del Nayar,Nayarit
63548,Culebras,Del Nayar,Nayarit
63548,El Faisán,Del Nayar,Nayarit
63548,El Maguey,Del Nayar,Nayarit
63548,El Pinito,Del Nayar,Nayarit
63548,El Puente de las Guayabas,Del Nayar,Nayarit
63548,Los Arcos,Del Nayar,Nayarit
63548,Los Fortines,Del Nayar,Nayarit
63548,El Chalate,Del Nayar,Nayarit
63548,El Clavellino,Del Nayar,Nayarit
63548,El Zapote,Del Nayar,Nayarit
63548,La Ciénega,Del Nayar,Nayarit
63548,La Nopalera,Del Nayar,Nayarit
63548,Los Banquitos,Del Nayar,Nayarit
63548,Rancho de Ignacio (Los Fortines),Del Nayar,Nayarit
63548,San Miguel del Zapote,Del Nayar,Nayarit
63548,El Monte del Palo Cuate,Del Nayar,Nayarit
63548,Las Urracas,Del Nayar,Nayarit
63548,El Papayito,Del Nayar,Nayarit
63548,Las Crucecitas,Del Nayar,Nayarit
63548,Las Peñitas (Las Antenas),Del Nayar,Nayarit
63548,Los Zapotes,Del Nayar,Nayarit
63548,Melquiades de la Cruz Cuevas,Del Nayar,Nayarit
63548,San Gregorio,Del Nayar,Nayarit
63548,Ta Puaa Ta,Del Nayar,Nayarit
63548,Tierras Blancas,Del Nayar,Nayarit
63548,El Arroyo del Tezcalame,Del Nayar,Nayarit
63548,El Izote,Del Nayar,Nayarit
63548,Jerónimo Melchor,Del Nayar,Nayarit
63548,Las Estrellas,Del Nayar,Nayarit
63548,Los Aguacates,Del Nayar,Nayarit
63548,Rancho de la Cueva,Del Nayar,Nayarit
63549,El Tenamaste,Del Nayar,Nayarit
63549,Las Jabas,Del Nayar,Nayarit
63549,Los Banquitos,Del Nayar,Nayarit
63549,Los Encinos,Del Nayar,Nayarit
63549,Platanitos,Del Nayar,Nayarit
63549,Tapanco,Del Nayar,Nayarit
63549,Coyunque,Del Nayar,Nayarit
63549,Las Tortugas,Del Nayar,Nayarit
63549,El Cangrejo,Del Nayar,Nayarit
63549,El Guaco,Del Nayar,Nayarit
63549,El Nogal,Del Nayar,Nayarit
63549,Encino Colorado,Del Nayar,Nayarit
63549,Sonorita (Las Lechugas),Del Nayar,Nayarit
63549,La Cofradía,Del Nayar,Nayarit
63549,La Cortadilla,Del Nayar,Nayarit
63549,Los Hongos,Del Nayar,Nayarit
63549,Los Llanitos,Del Nayar,Nayarit
63549,Coyultita,Del Nayar,Nayarit
63549,La Nopalera,Del Nayar,Nayarit
63549,Ojo de Agua,Del Nayar,Nayarit
63549,El Sapo,Del Nayar,Nayarit
63549,El Tempisque,Del Nayar,Nayarit
63549,El Tenamaiste,Del Nayar,Nayarit
63549,Las Hormigas,Del Nayar,Nayarit
63549,El Carrizo,Del Nayar,Nayarit
63549,El Tunaiste,Del Nayar,Nayarit
63549,Tierras Blancas,Del Nayar,Nayarit
63549,Tierras Blancas,Del Nayar,Nayarit
63549,El Roblito,Del Nayar,Nayarit
63549,El Tapeiste,Del Nayar,Nayarit
63549,Naute,Del Nayar,Nayarit
63550,Las Colonias,Santiago Ixcuintla,Nayarit
63550,Emiliano Zapata,Santiago Ixcuintla,Nayarit
63550,Benito Juárez,Santiago Ixcuintla,Nayarit
63550,San Martín,Santiago Ixcuintla,Nayarit
63550,Miguel Hidalgo,Santiago Ixcuintla,Nayarit
63550,José Martínez Escobedo,Santiago Ixcuintla,Nayarit
63550,Solorceño,Santiago Ixcuintla,Nayarit
63550,Santa Cecilia,Santiago Ixcuintla,Nayarit
63550,Talpita,Santiago Ixcuintla,Nayarit
63550,Morelos,Santiago Ixcuintla,Nayarit
63550,Villa Hidalgo Centro,Santiago Ixcuintla,Nayarit
63550,Villa de Guadalupe,Santiago Ixcuintla,Nayarit
63550,San Antonio,Santiago Ixcuintla,Nayarit
63550,La Nayarita,Santiago Ixcuintla,Nayarit
63550,Amado Nervo,Santiago Ixcuintla,Nayarit
63550,San José,Santiago Ixcuintla,Nayarit
63550,Leyes de Reforma,Santiago Ixcuintla,Nayarit
63550,Crispín Duran Z,Santiago Ixcuintla,Nayarit
63550,Roma,Santiago Ixcuintla,Nayarit
63552,Paredones (La Punta de la Laguna),Santiago Ixcuintla,Nayarit
63552,Valle Morelos,Santiago Ixcuintla,Nayarit
63552,El Novillero,Santiago Ixcuintla,Nayarit
63552,Emiliano Zapata,Santiago Ixcuintla,Nayarit
63552,Loma Bonita,Santiago Ixcuintla,Nayarit
63552,Pozo de Villa,Santiago Ixcuintla,Nayarit
63552,El Puente,Santiago Ixcuintla,Nayarit
63552,Puerta Azul,Santiago Ixcuintla,Nayarit
63552,Ojos de Agua,Santiago Ixcuintla,Nayarit
63553,San Isidro,Santiago Ixcuintla,Nayarit
63553,18 de Septiembre,Santiago Ixcuintla,Nayarit
63553,Valle Zaragoza,Santiago Ixcuintla,Nayarit
63554,Gavilán Grande,Santiago Ixcuintla,Nayarit
63554,Amapa,Santiago Ixcuintla,Nayarit
63554,Cerritos,Santiago Ixcuintla,Nayarit
63554,El Carrizo,Santiago Ixcuintla,Nayarit
63555,Olímpica,Santiago Ixcuintla,Nayarit
63555,Marcos Cárdenas,Santiago Ixcuintla,Nayarit
63555,Talpita,Santiago Ixcuintla,Nayarit
63555,La Presa,Santiago Ixcuintla,Nayarit
63556,Pozo de Ibarra,Santiago Ixcuintla,Nayarit
63556,El Limón,Santiago Ixcuintla,Nayarit
63557,El Papalote,Santiago Ixcuintla,Nayarit
63558,Vado del Cora,Santiago Ixcuintla,Nayarit
63558,El Tambor,Santiago Ixcuintla,Nayarit
63558,Vado del Cora (Estación Pani),Santiago Ixcuintla,Nayarit
63559,Crucero las Higueras,Santiago Ixcuintla,Nayarit
63559,Mojarritas,Santiago Ixcuintla,Nayarit
63559,Las Higueras,Santiago Ixcuintla,Nayarit
63559,Parque Industrial El Tizate,Santiago Ixcuintla,Nayarit
63559,Crucero Bonfil,Santiago Ixcuintla,Nayarit
63559,Valle Lerma,Santiago Ixcuintla,Nayarit
63559,Estación Nanchi (Peñasquillo),Santiago Ixcuintla,Nayarit
63559,Crucero de Villa Hidalgo,Santiago Ixcuintla,Nayarit
63560,Santa Cruz,Santiago Ixcuintla,Nayarit
63560,La Quinta (El Rancho de la Higuera),Santiago Ixcuintla,Nayarit
63561,Rancho Nuevo,Santiago Ixcuintla,Nayarit
63561,Mayorquín,Santiago Ixcuintla,Nayarit
63561,Cañada Grande,Santiago Ixcuintla,Nayarit
63561,La Higuerita (La Escondida),Santiago Ixcuintla,Nayarit
63561,Las Labores,Santiago Ixcuintla,Nayarit
63561,San Andrés,Santiago Ixcuintla,Nayarit
63561,Sinaloa,Santiago Ixcuintla,Nayarit
63562,El Famoso,Santiago Ixcuintla,Nayarit
63562,Puerta de Palapares,Santiago Ixcuintla,Nayarit
63563,El Nuevo Mexcaltitán,Santiago Ixcuintla,Nayarit
63563,San Vicente,Santiago Ixcuintla,Nayarit
63563,Mexcaltitán de Uribe,Santiago Ixcuintla,Nayarit
63564,El Mezcal,Santiago Ixcuintla,Nayarit
63565,Los Pérez,Santiago Ixcuintla,Nayarit
63565,Campo de los Limones,Santiago Ixcuintla,Nayarit
63565,El Estero,Santiago Ixcuintla,Nayarit
63565,4 de Octubre,Santiago Ixcuintla,Nayarit
63565,San Miguel Número Dos (El Quemado),Santiago Ixcuintla,Nayarit
63565,Gavilán Chico,Santiago Ixcuintla,Nayarit
63565,Sentispac,Santiago Ixcuintla,Nayarit
63565,Aztlán de las Garzas,Santiago Ixcuintla,Nayarit
63567,El Capomal,Santiago Ixcuintla,Nayarit
63568,Palmar de Cuautla,Santiago Ixcuintla,Nayarit
63570,La Guinea,Santiago Ixcuintla,Nayarit
63570,Sauta,Santiago Ixcuintla,Nayarit
63573,Playa el Sesteo,Santiago Ixcuintla,Nayarit
63573,Boca de Camichin,Santiago Ixcuintla,Nayarit
63573,Los Corchos,Santiago Ixcuintla,Nayarit
63573,Toro Mocho,Santiago Ixcuintla,Nayarit
63575,El Botadero,Santiago Ixcuintla,Nayarit
63575,Patroneño I,Santiago Ixcuintla,Nayarit
63575,Pueblo Nuevo,Santiago Ixcuintla,Nayarit
63576,El Turco,Santiago Ixcuintla,Nayarit
63576,El Corte (El Tuchi),Santiago Ixcuintla,Nayarit
63577,Puerta de Mangos,Santiago Ixcuintla,Nayarit
63578,Los Otates,Santiago Ixcuintla,Nayarit
63578,Cañada del Tabaco,Santiago Ixcuintla,Nayarit
63578,Santa Rosa,Santiago Ixcuintla,Nayarit
63579,Villa Juárez,Santiago Ixcuintla,Nayarit
63580,La Yesca,La Yesca,Nayarit
63582,San Pelayo,La Yesca,Nayarit
63582,San Juan Ixtapalapa,La Yesca,Nayarit
63583,Mesa de los Saucedos,La Yesca,Nayarit
63583,La Cofradía,La Yesca,Nayarit
63583,Las Higueras,La Yesca,Nayarit
63583,Popota,La Yesca,Nayarit
63583,El Izote,La Yesca,Nayarit
63583,Los Suspiros,La Yesca,Nayarit
63584,Amatlán de Jora,La Yesca,Nayarit
63584,Ambas Aguas,La Yesca,Nayarit
63584,El Jirón,La Yesca,Nayarit
63584,El Limón,La Yesca,Nayarit
63584,El Carrizal,La Yesca,Nayarit
63584,El Pinal,La Yesca,Nayarit
63584,La Ciénega,La Yesca,Nayarit
63586,La Piedra Picada,La Yesca,Nayarit
63586,El Carrizal,La Yesca,Nayarit
63586,La Guasimera,La Yesca,Nayarit
63586,Guanacaste,La Yesca,Nayarit
63586,La Cuchilla,La Yesca,Nayarit
63586,La Ciénega,La Yesca,Nayarit
63586,La Palmita,La Yesca,Nayarit
63586,Palmillas,La Yesca,Nayarit
63586,La Playa,La Yesca,Nayarit
63587,Cortapico,La Yesca,Nayarit
63587,El Pinole,La Yesca,Nayarit
63587,Los Encantos,La Yesca,Nayarit
63587,Apozolco,La Yesca,Nayarit
63587,La Cueva Blanca,La Yesca,Nayarit
63590,Batallón,La Yesca,Nayarit
63590,Puente de Camotlán,La Yesca,Nayarit
63593,Mesa del Tirador,La Yesca,Nayarit
63593,El Jazmín,La Yesca,Nayarit
63594,El Trapiche,La Yesca,Nayarit
63594,La Manga,La Yesca,Nayarit
63595,Buenavista,La Yesca,Nayarit
63595,Las Jaras,La Yesca,Nayarit
63595,Huajimic,La Yesca,Nayarit
63596,El Mezquite,La Yesca,Nayarit
63596,Las Palomas,La Yesca,Nayarit
63596,La Mesa,La Yesca,Nayarit
63596,Mesa de Chapalilla,La Yesca,Nayarit
63596,Nueva,La Yesca,Nayarit
63596,Cebolletas (El Maguey),La Yesca,Nayarit
63596,El Mirador,La Yesca,Nayarit
63596,Tierra Amarilla,La Yesca,Nayarit
63596,Guadalupe Ocotán,La Yesca,Nayarit
63596,Ocota de la Sierra,La Yesca,Nayarit
63600,Vado de San Pedro,Ruíz,Nayarit
63600,María de Jesús Parada,Ruíz,Nayarit
63603,El Chalán,Ruíz,Nayarit
63603,Crucero de Ruiz,Ruíz,Nayarit
63603,La Frontera,Ruíz,Nayarit
63603,El Capomo,Ruíz,Nayarit
63604,Salvador Allende (Las Labradas),Ruíz,Nayarit
63604,Heroico Batallón de San Blas (La Noria),Ruíz,Nayarit
63605,La Jarretadera,Ruíz,Nayarit
63605,El Veinticinco (El Topete),Ruíz,Nayarit
63605,Laguna del Mar,Ruíz,Nayarit
63605,Los Veranos,Ruíz,Nayarit
63605,San Lorenzo,Ruíz,Nayarit
63605,El Venadito,Ruíz,Nayarit
63605,Pajaritos,Ruíz,Nayarit
63605,Crucero de Jarretadera (El Manguito),Ruíz,Nayarit
63605,Crucero de la Laguna,Ruíz,Nayarit
63605,Alfonso Vidal (El Mirador),Ruíz,Nayarit
63605,El Mirador,Ruíz,Nayarit
63605,La Soledad,Ruíz,Nayarit
63606,El Duende,Ruíz,Nayarit
63606,Juan Escutia,Ruíz,Nayarit
63606,El Guarichi,Ruíz,Nayarit
63607,La Mojonera,Ruíz,Nayarit
63607,La Limonera (Las Higueras),Ruíz,Nayarit
63610,El Venado,Ruíz,Nayarit
63613,Puerta de Platanares,Ruíz,Nayarit
63613,Los Llanitos (Los Rivera),Ruíz,Nayarit
63614,Santo Domingo,Ruíz,Nayarit
63614,Lagunitas de Ventanas,Ruíz,Nayarit
63614,La Embocada del Tenamache,Ruíz,Nayarit
63614,El Veloz,Ruíz,Nayarit
63614,La Minera Nival,Ruíz,Nayarit
63614,El Zopilote,Ruíz,Nayarit
63614,El Coquito,Ruíz,Nayarit
63614,Planes de Guadalupe,Ruíz,Nayarit
63615,El Refugio,Ruíz,Nayarit
63615,La Bolita,Ruíz,Nayarit
63615,El Carrizal,Ruíz,Nayarit
63616,El Taixte,Ruíz,Nayarit
63616,Cordón del Jilguero,Ruíz,Nayarit
63616,El Volantín,Ruíz,Nayarit
63616,El Paraíso,Ruíz,Nayarit
63617,Anastacio Flores,Ruíz,Nayarit
63617,Andrés Lamas,Ruíz,Nayarit
63617,Chimaltita,Ruíz,Nayarit
63617,El Guajolote,Ruíz,Nayarit
63617,Los Limos,Ruíz,Nayarit
63617,El Banco,Ruíz,Nayarit
63617,La Sanguijuela,Ruíz,Nayarit
63617,Las Planillas,Ruíz,Nayarit
63617,Los Tepehuanos,Ruíz,Nayarit
63617,Huicot (Villa Hermosa),Ruíz,Nayarit
63618,El Naranjo,Ruíz,Nayarit
63618,El Camichín (La Roblera),Ruíz,Nayarit
63618,El Guanacaste,Ruíz,Nayarit
63618,Huiscóyotl,Ruíz,Nayarit
63618,La Majada del Huanacaxtle,Ruíz,Nayarit
63618,La Yerbabuena,Ruíz,Nayarit
63618,El Limón,Ruíz,Nayarit
63618,La Tepamera,Ruíz,Nayarit
63618,El Otatillo,Ruíz,Nayarit
63618,La Petaquilla,Ruíz,Nayarit
63618,Las Majadas,Ruíz,Nayarit
63618,El Manguito,Ruíz,Nayarit
63618,La Trompeta,Ruíz,Nayarit
63618,La Estaca,Ruíz,Nayarit
63618,Silvestre Trinidad,Ruíz,Nayarit
63618,El Carrizo,Ruíz,Nayarit
63618,El Limoncito,Ruíz,Nayarit
63618,Los Cimientos,Ruíz,Nayarit
63618,El Crucero de los Sauces,Ruíz,Nayarit
63618,Las Adjuntas,Ruíz,Nayarit
63618,Los Cuernitos,Ruíz,Nayarit
63618,Los Sauces,Ruíz,Nayarit
63618,El Pino,Ruíz,Nayarit
63618,El Sombrero,Ruíz,Nayarit
63618,Pancho Guardado,Ruíz,Nayarit
63619,La Encinera,Ruíz,Nayarit
63619,Prisciliano Flores,Ruíz,Nayarit
63619,Presidio de los Reyes,Ruíz,Nayarit
63619,La Ceiba,Ruíz,Nayarit
63619,René Salas,Ruíz,Nayarit
63619,San Pedro Ixcatán,Ruíz,Nayarit
63619,La Loma del Toro,Ruíz,Nayarit
63619,Los Cajones,Ruíz,Nayarit
63619,Huiscóyotl,Ruíz,Nayarit
63619,Ixcatán del Pozolillo,Ruíz,Nayarit
63619,El Agua Caliente,Ruíz,Nayarit
63619,El Zapote,Ruíz,Nayarit
63619,Los Arrayanes,Ruíz,Nayarit
63619,Fidencio Salas,Ruíz,Nayarit
63619,El Limón,Ruíz,Nayarit
63619,El Tempizque,Ruíz,Nayarit
63620,Centro,Ruíz,Nayarit
63622,La Redonda,Ruíz,Nayarit
63622,El Panteón,Ruíz,Nayarit
63622,Rey Nayar,Ruíz,Nayarit
63623,Talpita,Ruíz,Nayarit
63623,Emilio M. González,Ruíz,Nayarit
63623,El Capomal,Ruíz,Nayarit
63625,Tijuanita,Ruíz,Nayarit
63625,San Antonio,Ruíz,Nayarit
63626,Cerro de la Cruz,Ruíz,Nayarit
63626,Tiro al Blanco,Ruíz,Nayarit
63626,Unidad Deportiva,Ruíz,Nayarit
63626,El Rastro,Ruíz,Nayarit
63627,Benito Juárez,Ruíz,Nayarit
63628,Lindavista,Ruíz,Nayarit
63628,Achota,Ruíz,Nayarit
63630,La Pila,Rosamorada,Nayarit
63630,Insurgentes,Rosamorada,Nayarit
63630,Agua Caliente,Rosamorada,Nayarit
63630,Las Lajitas,Rosamorada,Nayarit
63630,Rosamorada Centro,Rosamorada,Nayarit
63630,El Rastro,Rosamorada,Nayarit
63633,Pescadero,Rosamorada,Nayarit
63633,Abelardo L. Rodríguez (Amapa),Rosamorada,Nayarit
63633,Francisco Villa (El Retiro),Rosamorada,Nayarit
63634,Bonita,Rosamorada,Nayarit
63634,Cerro Verde,Rosamorada,Nayarit
63634,Los Petates,Rosamorada,Nayarit
63634,Providencia,Rosamorada,Nayarit
63634,El Camionero [Restaurante],Rosamorada,Nayarit
63634,Teponahuaxtla (Huaixta),Rosamorada,Nayarit
63634,Copales,Rosamorada,Nayarit
63634,Crucero Providencia,Rosamorada,Nayarit
63634,Las Anonas,Rosamorada,Nayarit
63634,Las Adelitas,Rosamorada,Nayarit
63634,Los Horcones,Rosamorada,Nayarit
63634,Lázaro Cárdenas,Rosamorada,Nayarit
63635,San Marcos Cuyutlán,Rosamorada,Nayarit
63635,Paramita,Rosamorada,Nayarit
63635,El Cuatante,Rosamorada,Nayarit
63635,San Juan Bautista,Rosamorada,Nayarit
63635,Los Arrayanes,Rosamorada,Nayarit
63635,Cofradía de Cuyutlán,Rosamorada,Nayarit
63635,Los Cinco Hermanos,Rosamorada,Nayarit
63636,San Miguelito,Rosamorada,Nayarit
63636,Llano del Tigre,Rosamorada,Nayarit
63637,Huerta Paula Sojo,Rosamorada,Nayarit
63637,Colonias 18 de Marzo,Rosamorada,Nayarit
63637,Chilapa,Rosamorada,Nayarit
63637,Crucero a Zomatlán,Rosamorada,Nayarit
63637,Zomatlán del Caimanero,Rosamorada,Nayarit
63637,El Mil,Rosamorada,Nayarit
63638,Rancho de Ramón Ibarra,Rosamorada,Nayarit
63638,Las Pilas,Rosamorada,Nayarit
63638,El Potro,Rosamorada,Nayarit
63638,Minitas,Rosamorada,Nayarit
63640,Rancho de Miguel Sosa (Crucero de Pericos),Rosamorada,Nayarit
63640,Crucero de los Medina,Rosamorada,Nayarit
63640,Los Medina,Rosamorada,Nayarit
63640,Vicente Guerrero (El Mogote),Rosamorada,Nayarit
63640,La Boquita,Rosamorada,Nayarit
63643,Andrés Ramírez,Rosamorada,Nayarit
63643,Pericos,Rosamorada,Nayarit
63644,Francisco Contreras [Granja Camaronera],Rosamorada,Nayarit
63644,El Chirimoyo [Embarcadero],Rosamorada,Nayarit
63644,Los Espejos [Embarcadero],Rosamorada,Nayarit
63644,Pimientillo,Rosamorada,Nayarit
63644,Los Espejos [Granja Camaronera],Rosamorada,Nayarit
63645,Obrera CTM,Rosamorada,Nayarit
63645,Teodoro Estrada,Rosamorada,Nayarit
63645,Lázaro Cárdenas,Rosamorada,Nayarit
63645,16 de Septiembre,Rosamorada,Nayarit
63645,San Vicente Centro,Rosamorada,Nayarit
63646,La Loma,Rosamorada,Nayarit
63646,El Llanito,Rosamorada,Nayarit
63648,Los Cerritos (Loma de los Chivos),Rosamorada,Nayarit
63648,Crucero a Mexcaltitán (La Siesta),Rosamorada,Nayarit
63648,Los Ramírez,Rosamorada,Nayarit
63648,El Tamarindo,Rosamorada,Nayarit
63648,El Canal de la Lima,Rosamorada,Nayarit
63650,San Diego del Naranjo,Rosamorada,Nayarit
63650,Coyotes,Rosamorada,Nayarit
63650,Rancho Miguel Cervantes,Rosamorada,Nayarit
63652,Agua Aceda,Rosamorada,Nayarit
63652,Carrizo del Peñasquillo,Rosamorada,Nayarit
63652,La Flecha,Rosamorada,Nayarit
63652,Santa Fe,Rosamorada,Nayarit
63655,Mojocuautla (Adjuntas),Rosamorada,Nayarit
63655,Rancho de Agripin Flores,Rosamorada,Nayarit
63655,San Juan Corapan,Rosamorada,Nayarit
63655,La Higuerita,Rosamorada,Nayarit
63656,Estación Chilapa,Rosamorada,Nayarit
63656,Paso Real del Bejuco,Rosamorada,Nayarit
63656,Rancho Hermanos Bautista,Rosamorada,Nayarit
63657,Rincón de las Cucharas,Rosamorada,Nayarit
63657,Rosarito,Rosamorada,Nayarit
63657,Benito Valle (San Miguel),Rosamorada,Nayarit
63657,Las Conchas,Rosamorada,Nayarit
63657,El Bálsamo,Rosamorada,Nayarit
63658,El Guayabo,Rosamorada,Nayarit
63658,Los Leandros,Rosamorada,Nayarit
63658,Puente el Bejuco (El Capricho),Rosamorada,Nayarit
63658,Los Pimienta,Rosamorada,Nayarit
63658,El Quebrantadero (Hermanos Ibarra),Rosamorada,Nayarit
63658,El Ochenta,Rosamorada,Nayarit
63658,Los Cuates,Rosamorada,Nayarit
63660,El Tecomate,Tuxpan,Nayarit
63660,Palma Grande,Tuxpan,Nayarit
63660,Peñas,Tuxpan,Nayarit
63660,Coamiles,Tuxpan,Nayarit
63670,Unión de Corrientes,Tuxpan,Nayarit
63700,Compostela Centro,Compostela,Nayarit
63702,Francisco Villa,Compostela,Nayarit
63702,Lomas de San Cristóbal,Compostela,Nayarit
63702,Lázaro Cárdenas,Compostela,Nayarit
63702,Luis Donaldo Colosio,Compostela,Nayarit
63702,Alto,Compostela,Nayarit
63702,Miravalles,Compostela,Nayarit
63702,Francisco Villa,Compostela,Nayarit
63702,Emiliano Zapata,Compostela,Nayarit
63702,Guadalupana,Compostela,Nayarit
63702,Lomas Bonita,Compostela,Nayarit
63703,Guayabal,Compostela,Nayarit
63703,Del Bosque,Compostela,Nayarit
63703,Aviación,Compostela,Nayarit
63704,Librado Rivera,Compostela,Nayarit
63704,La Huerta,Compostela,Nayarit
63704,Los Arrayanes,Compostela,Nayarit
63704,Nueva Galicia,Compostela,Nayarit
63704,De Chila,Compostela,Nayarit
63705,Nueva Esperanza,Compostela,Nayarit
63705,Arroyo,Compostela,Nayarit
63705,Santa Ana,Compostela,Nayarit
63705,5 de Febrero,Compostela,Nayarit
63705,Subestación,Compostela,Nayarit
63705,El Molino,Compostela,Nayarit
63705,Los Sauces,Compostela,Nayarit
63705,Las Ordeñas,Compostela,Nayarit
63705,Estadios,Compostela,Nayarit
63705,Floresta,Compostela,Nayarit
63705,Infonavit,Compostela,Nayarit
63705,Tierra y Libertad,Compostela,Nayarit
63706,El Refilión,Compostela,Nayarit
63706,Miravalles,Compostela,Nayarit
63706,Las Víboras,Compostela,Nayarit
63706,Tepiqueños,Compostela,Nayarit
63707,Vista al Mar (Bellavista),Compostela,Nayarit
63707,Vizcarra,Compostela,Nayarit
63707,Huicicila,Compostela,Nayarit
63707,Mesillas,Compostela,Nayarit
63707,Mezcales,Compostela,Nayarit
63707,Jaltepec,Compostela,Nayarit
63707,Pajaritos,Compostela,Nayarit
63707,Cumbres de Huicicila,Compostela,Nayarit
63708,El Paranal (Arocha),Compostela,Nayarit
63708,Coastecomatillo,Compostela,Nayarit
63708,Chacala,Compostela,Nayarit
63708,La Cuata,Compostela,Nayarit
63708,Las Piedras,Compostela,Nayarit
63708,La Puerta del Conchal,Compostela,Nayarit
63708,Paso de las Palmas,Compostela,Nayarit
63708,El Salitre,Compostela,Nayarit
63708,Palos María,Compostela,Nayarit
63709,Ixtapa de la Concepción,Compostela,Nayarit
63709,Platanitos,Compostela,Nayarit
63709,Las Lomitas,Compostela,Nayarit
63710,Pedregal,Compostela,Nayarit
63710,El Cerrito,Compostela,Nayarit
63710,Zacualpan,Compostela,Nayarit
63710,San Isidro,Compostela,Nayarit
63710,San Rafael,Compostela,Nayarit
63710,De la Cruz,Compostela,Nayarit
63710,La Concepción,Compostela,Nayarit
63710,Otates y Cantarranas,Compostela,Nayarit
63712,Paso de Mesillas,Compostela,Nayarit
63713,El Palmoso,Compostela,Nayarit
63714,El Divisadero,Compostela,Nayarit
63714,Lima de Abajo,Compostela,Nayarit
63715,Celso Hernández,Compostela,Nayarit
63715,San José,Compostela,Nayarit
63715,Tepeyac,Compostela,Nayarit
63715,Agua Azul,Compostela,Nayarit
63715,Jalisco,Compostela,Nayarit
63715,Niños Héroes,Compostela,Nayarit
63715,Atenas,Compostela,Nayarit
63715,Puerta de Oro,Compostela,Nayarit
63715,Las Fuentes,Compostela,Nayarit
63715,Nueva Galicia,Compostela,Nayarit
63715,Las Varas Centro,Compostela,Nayarit
63715,Nueva Era,Compostela,Nayarit
63715,Guadajara,Compostela,Nayarit
63717,Mazatán,Compostela,Nayarit
63717,Las Coloradas,Compostela,Nayarit
63717,Felipe Carrillo Puerto,Compostela,Nayarit
63717,Juan Escutia (Borbollón),Compostela,Nayarit
63717,Caléxico,Compostela,Nayarit
63717,Zapotán,Compostela,Nayarit
63718,El Colomo,Compostela,Nayarit
63719,Mesa del Rodeo,Compostela,Nayarit
63720,Paraíso,Compostela,Nayarit
63720,La Peñita de Jaltemba Centro,Compostela,Nayarit
63720,El Campesino,Compostela,Nayarit
63720,Isla del Verano,Compostela,Nayarit
63720,Juan Escutia,Compostela,Nayarit
63720,Cedros,Compostela,Nayarit
63720,Paraíso Escondido,Compostela,Nayarit
63720,Playa Hermosa,Compostela,Nayarit
63720,Pescadores,Compostela,Nayarit
63720,Arroyo Zarco,Compostela,Nayarit
63720,Las Cabras,Compostela,Nayarit
63720,La Islita,Compostela,Nayarit
63720,Garzas Rosas,Compostela,Nayarit
63720,Lázaro Cárdenas,Compostela,Nayarit
63720,Mirasol,Compostela,Nayarit
63720,Emiliano Zapata,Compostela,Nayarit
63720,Miramar,Compostela,Nayarit
63720,Cerro de La Cruz,Compostela,Nayarit
63722,Bella Unión,Compostela,Nayarit
63722,Altavista,Compostela,Nayarit
63722,El Porvenir,Compostela,Nayarit
63722,Cándido Salazar,Compostela,Nayarit
63722,La Cucaracha,Compostela,Nayarit
63722,El Capomo,Compostela,Nayarit
63722,Santa María de Jaltemba,Compostela,Nayarit
63722,El Tamarindo,Compostela,Nayarit
63722,Mamey Grande de Arriba,Compostela,Nayarit
63722,El Tonino,Compostela,Nayarit
63723,La Puerta de la Lima,Compostela,Nayarit
63724,Villa Morelos,Compostela,Nayarit
63724,Rincón de Guayabitos,Compostela,Nayarit
63724,Nuevo Ixtlán (Las Cañadas),Compostela,Nayarit
63724,El Betel,Compostela,Nayarit
63724,Monteón,Compostela,Nayarit
63724,Los Ayala,Compostela,Nayarit
63724,Chulavista,Compostela,Nayarit
63724,La Colmena,Compostela,Nayarit
63724,Úrsulo Galván,Compostela,Nayarit
63726,Villas Colibrí,Bahía de Banderas,Nayarit
63726,El Guamúchil,Bahía de Banderas,Nayarit
63728,San Ignacio,Bahía de Banderas,Nayarit
63728,San Quintín,Bahía de Banderas,Nayarit
63729,San Francisco,Bahía de Banderas,Nayarit
63729,Lo de Marcos,Bahía de Banderas,Nayarit
63730,Valle de Banderas,Bahía de Banderas,Nayarit
63730,Santa Rosa Tapachula,Bahía de Banderas,Nayarit
63730,El Mirador,Bahía de Banderas,Nayarit
63730,Las Hachas,Bahía de Banderas,Nayarit
63730,San Juan de Abajo,Bahía de Banderas,Nayarit
63730,Tabacalera,Bahía de Banderas,Nayarit
63730,Ramón Larios,Bahía de Banderas,Nayarit
63732,Flamingos,Bahía de Banderas,Nayarit
63732,Vista Bahía,Bahía de Banderas,Nayarit
63732,Paraíso,Bahía de Banderas,Nayarit
63732,Los Arboles,Bahía de Banderas,Nayarit
63732,Brisas,Bahía de Banderas,Nayarit
63732,Bucerías Centro,Bahía de Banderas,Nayarit
63732,Playas de Huanacaxtle,Bahía de Banderas,Nayarit
63732,Palma Residencial,Bahía de Banderas,Nayarit
63732,Dorada,Bahía de Banderas,Nayarit
63732,Tintoc,Bahía de Banderas,Nayarit
63732,Residencial Los Mangos,Bahía de Banderas,Nayarit
63732,Miguel Alemán,Bahía de Banderas,Nayarit
63732,Loma Bonita,Bahía de Banderas,Nayarit
63732,Tule Dorado,Bahía de Banderas,Nayarit
63732,Estadio,Bahía de Banderas,Nayarit
63732,Terralta,Bahía de Banderas,Nayarit
63732,Lomas Huanacaxtle,Bahía de Banderas,Nayarit
63732,Playas del Pacifico,Bahía de Banderas,Nayarit
63732,Paraíso del Indio,Bahía de Banderas,Nayarit
63732,Buenos Aires,Bahía de Banderas,Nayarit
63732,Los Cocos,Bahía de Banderas,Nayarit
63732,Las Palmas,Bahía de Banderas,Nayarit
63732,Francisco Javier Ovando,Bahía de Banderas,Nayarit
63732,La Primavera,Bahía de Banderas,Nayarit
63732,La Unidad,Bahía de Banderas,Nayarit
63734,Higuera Blanca,Bahía de Banderas,Nayarit
63734,Punta de Mita,Bahía de Banderas,Nayarit
63734,Monte Calvario,Bahía de Banderas,Nayarit
63734,Sayulita,Bahía de Banderas,Nayarit
63734,Cruz de Huanacaxtle,Bahía de Banderas,Nayarit
63734,José Chávez,Bahía de Banderas,Nayarit
63734,Nueva Era,Bahía de Banderas,Nayarit
63734,Corral del Risco (Punta de Mita),Bahía de Banderas,Nayarit
63735,Las Jarretaderas,Bahía de Banderas,Nayarit
63735,Náutico Turístico,Bahía de Banderas,Nayarit
63735,Costa Coral,Bahía de Banderas,Nayarit
63735,Altavela,Bahía de Banderas,Nayarit
63735,La Lomita,Bahía de Banderas,Nayarit
63735,Nuevo Vallarta,Bahía de Banderas,Nayarit
63735,Villa Esmeralda,Bahía de Banderas,Nayarit
63735,San Isidro,Bahía de Banderas,Nayarit
63735,Villas Vallarta,Bahía de Banderas,Nayarit
63735,Mezcalitos,Bahía de Banderas,Nayarit
63735,Deportiva,Bahía de Banderas,Nayarit
63735,Paraíso Vallarta,Bahía de Banderas,Nayarit
63735,Real Nuevo Vallarta,Bahía de Banderas,Nayarit
63735,Lomas del Sol,Bahía de Banderas,Nayarit
63735,Rincón del Cielo,Bahía de Banderas,Nayarit
63735,Puerta del Mar,Bahía de Banderas,Nayarit
63735,Mezcales,Bahía de Banderas,Nayarit
63735,Las Ceibas,Bahía de Banderas,Nayarit
63735,Los Encantos,Bahía de Banderas,Nayarit
63735,Virreyes Vallarta,Bahía de Banderas,Nayarit
63735,San Clemente de Lima,Bahía de Banderas,Nayarit
63735,Villas Green Canal,Bahía de Banderas,Nayarit
63735,Valle Dorado,Bahía de Banderas,Nayarit
63735,13 de Septiembre,Bahía de Banderas,Nayarit
63736,El Colomo,Bahía de Banderas,Nayarit
63737,Lázaro Cárdenas,Bahía de Banderas,Nayarit
63737,Los Ángeles,Bahía de Banderas,Nayarit
63737,Villas de San Vicente,Bahía de Banderas,Nayarit
63737,Tulipanes,Bahía de Banderas,Nayarit
63737,La Entrada,Bahía de Banderas,Nayarit
63737,Jardines El Porvenir,Bahía de Banderas,Nayarit
63737,Palma Real,Bahía de Banderas,Nayarit
63737,Bahía de Banderas,Bahía de Banderas,Nayarit
63737,El Parque,Bahía de Banderas,Nayarit
63737,San José,Bahía de Banderas,Nayarit
63737,Del Rastro,Bahía de Banderas,Nayarit
63737,La Misión,Bahía de Banderas,Nayarit
63737,Azul Turquesa,Bahía de Banderas,Nayarit
63737,Valle Marlín,Bahía de Banderas,Nayarit
63737,Ex-Hacienda San Ángel,Bahía de Banderas,Nayarit
63737,San José del Valle,Bahía de Banderas,Nayarit
63737,Jardines del Sol,Bahía de Banderas,Nayarit
63737,La Primavera,Bahía de Banderas,Nayarit
63737,Villas Miramar,Bahía de Banderas,Nayarit
63737,Los Palmares San Vicente,Bahía de Banderas,Nayarit
63737,Las Flores,Bahía de Banderas,Nayarit
63737,Haciendas de San Vicente,Bahía de Banderas,Nayarit
63737,San Vicente del Mar,Bahía de Banderas,Nayarit
63737,Villas de La Bahía,Bahía de Banderas,Nayarit
63737,INFONAVIT San José,Bahía de Banderas,Nayarit
63737,San Vicente,Bahía de Banderas,Nayarit
63737,Bugambilias,Bahía de Banderas,Nayarit
63737,Jardines de San José,Bahía de Banderas,Nayarit
63737,El Manglar,Bahía de Banderas,Nayarit
63737,La Nueva Aurora,Bahía de Banderas,Nayarit
63737,Valle de San José,Bahía de Banderas,Nayarit
63737,San Vicente,Bahía de Banderas,Nayarit
63737,Santa Fe,Bahía de Banderas,Nayarit
63737,Diana Laura,Bahía de Banderas,Nayarit
63738,El Porvenir,Bahía de Banderas,Nayarit
63738,La Tercera Edad,Bahía de Banderas,Nayarit
63738,Los Mangos,Bahía de Banderas,Nayarit
63738,Tapachula del Valle,Bahía de Banderas,Nayarit
63738,Valle de las Magnolias,Bahía de Banderas,Nayarit
63738,Concepción de Valle,Bahía de Banderas,Nayarit
63738,Aguamilpa,Bahía de Banderas,Nayarit
63739,Fortuna de Vallejo (La Gloria),Bahía de Banderas,Nayarit
63739,El Carrizo,Bahía de Banderas,Nayarit
63739,Los Sauces,Bahía de Banderas,Nayarit
63739,El Coatante,Bahía de Banderas,Nayarit
63740,San Blas Centro,San Blas,Nayarit
63740,Pescadores,San Blas,Nayarit
63742,Luis Donaldo Colosio,San Blas,Nayarit
63742,Fray Junipero Serra,San Blas,Nayarit
63742,Benito Juárez,San Blas,Nayarit
63742,Gilberto Flores M.,San Blas,Nayarit
63743,H. Batallón,San Blas,Nayarit
63743,Progreso,San Blas,Nayarit
63743,La Playa del Borrego,San Blas,Nayarit
63743,El Cerrito,San Blas,Nayarit
63743,Emilio M González,San Blas,Nayarit
63743,José María Mercado,San Blas,Nayarit
63743,La Vaca y La Higuera,San Blas,Nayarit
63743,31 de Enero,San Blas,Nayarit
63743,Palmar de los Cocos,San Blas,Nayarit
63743,El Conchal,San Blas,Nayarit
63744,10 de Mayo,San Blas,Nayarit
63744,La Playita,San Blas,Nayarit
63744,El Guayabal,San Blas,Nayarit
63744,Barrio Chino,San Blas,Nayarit
63744,Zona Portuaria,San Blas,Nayarit
63744,Gómez Reyes,San Blas,Nayarit
63745,Singaita,San Blas,Nayarit
63745,Chacalilla,San Blas,Nayarit
63745,José María Mercado,San Blas,Nayarit
63750,Aután,San Blas,Nayarit
63751,El Madrigaleño,San Blas,Nayarit
63751,Playa de Ramírez,San Blas,Nayarit
63751,Ciruelo,San Blas,Nayarit
63751,El Limón,San Blas,Nayarit
63751,La Culebra,San Blas,Nayarit
63751,La Goma,San Blas,Nayarit
63752,Isla del Conde,San Blas,Nayarit
63753,El Carleño,San Blas,Nayarit
63754,Pimientillo,San Blas,Nayarit
63755,Boca del Asadero,San Blas,Nayarit
63756,La Chiripa,San Blas,Nayarit
63757,El Capomo,San Blas,Nayarit
63758,Guadalupe Victoria,San Blas,Nayarit
63760,Reforma Agraria (La Colorada),San Blas,Nayarit
63762,Huaristemba,San Blas,Nayarit
63763,Huaynamota,San Blas,Nayarit
63764,Las Palmas,San Blas,Nayarit
63764,Navarrete,San Blas,Nayarit
63764,La Chiltera,San Blas,Nayarit
63765,Pintadeño,San Blas,Nayarit
63765,El Tepeyac (Cofradía),San Blas,Nayarit
63765,El Tepeyac,San Blas,Nayarit
63765,La Libertad,San Blas,Nayarit
63766,Mecatán,San Blas,Nayarit
63770,Jalcocotán,San Blas,Nayarit
63771,Playa de los Cocos,San Blas,Nayarit
63772,Santa Cruz de Miramar,San Blas,Nayarit
63773,El Cora,San Blas,Nayarit
63774,La Bajada,San Blas,Nayarit
63775,La Palma,San Blas,Nayarit
63776,Matanchén (La Aguada),San Blas,Nayarit
63776,Aticama,San Blas,Nayarit
63777,Tecuitata,San Blas,Nayarit
63777,El Llano,San Blas,Nayarit
63777,Jolotemba,San Blas,Nayarit
63777,El Espino,San Blas,Nayarit
63779,Zacatal,San Blas,Nayarit
63779,Hospital,San Blas,Nayarit
63779,Morelos,San Blas,Nayarit
63779,Bugambilias,San Blas,Nayarit
63779,Camarón,San Blas,Nayarit
63779,Puerto Balleto (Isla María Madre),San Blas,Nayarit
63779,Laguna del Toro,San Blas,Nayarit
63779,Nayarit,San Blas,Nayarit
63779,Aserradero,San Blas,Nayarit
63779,Papelillo,San Blas,Nayarit
63779,Rehilete,San Blas,Nayarit
63780,Xalisco Centro,Xalisco,Nayarit
63780,Canoas,Xalisco,Nayarit
63780,Lomas Xalisco,Xalisco,Nayarit
63782,Alborada,Xalisco,Nayarit
63782,Las Águilas,Xalisco,Nayarit
63782,Nuevo Progreso,Xalisco,Nayarit
63782,Salvador Sánchez Vázquez,Xalisco,Nayarit
63782,Lomas del Nayar,Xalisco,Nayarit
63782,Huertas de Matatipal,Xalisco,Nayarit
63782,Ampliación Nuevo Progreso,Xalisco,Nayarit
63783,Puerta del Sol,Xalisco,Nayarit
63783,1ro. de Mayo,Xalisco,Nayarit
63783,Progreso,Xalisco,Nayarit
63783,Valle de Roma,Xalisco,Nayarit
63783,José Santos Godínez,Xalisco,Nayarit
63783,Guadalupe Victoria,Xalisco,Nayarit
63783,SUTSEM Landereñas,Xalisco,Nayarit
63784,Jardines de Matatipac,Xalisco,Nayarit
63784,Landereñas,Xalisco,Nayarit
63784,Los Cordoncillos II,Xalisco,Nayarit
63784,Ramos Millán,Xalisco,Nayarit
63784,El Navarreño II,Xalisco,Nayarit
63784,Pueblo Nuevo,Xalisco,Nayarit
63784,25 de Abril,Xalisco,Nayarit
63785,Hacienda Real,Xalisco,Nayarit
63785,Puerta Luna,Xalisco,Nayarit
63785,Navarreño,Xalisco,Nayarit
63785,Xalisca Residencial Los Laureles,Xalisco,Nayarit
63785,Ejidal,Xalisco,Nayarit
63786,La Cruz,Xalisco,Nayarit
63786,24 de Febrero,Xalisco,Nayarit
63787,Vicente Guerrero,Xalisco,Nayarit
63787,Lomas Verdes,Xalisco,Nayarit
63787,Colinas de Xalisco,Xalisco,Nayarit
63787,Minas de Xalli,Xalisco,Nayarit
63787,Kiekari,Xalisco,Nayarit
63787,Las Isabeles,Xalisco,Nayarit
63787,Nahil,Xalisco,Nayarit
63787,Las Rosas,Xalisco,Nayarit
63787,El Indio,Xalisco,Nayarit
63787,Ampliación Xalisco,Xalisco,Nayarit
63787,Nuevo México,Xalisco,Nayarit
63787,Tanuz,Xalisco,Nayarit
63787,Emiliano Zapata,Xalisco,Nayarit
63787,Bugambilias,Xalisco,Nayarit
63787,Colinas de San Juan,Xalisco,Nayarit
63787,Villas de Guadalupe,Xalisco,Nayarit
63790,Malinal,Xalisco,Nayarit
63790,San Antonio,Xalisco,Nayarit
63792,Pantanal,Xalisco,Nayarit
63793,Adolfo López Mateos (Las Veredas),Xalisco,Nayarit
63793,Cofradía de Chocolón,Xalisco,Nayarit
63793,El Carrizal,Xalisco,Nayarit
63794,San José de Costilla (Estación Costilla),Xalisco,Nayarit
63794,Testerazo,Xalisco,Nayarit
63794,Emiliano Zapata (Majadas),Xalisco,Nayarit
63794,Aquiles Serdán,Xalisco,Nayarit
63795,Los Fortines,Xalisco,Nayarit
63795,Trigomil,Xalisco,Nayarit
63795,La Curva,Xalisco,Nayarit
63797,Palapita,Xalisco,Nayarit
63797,El Cuarenteño,Xalisco,Nayarit
63797,El Tepozal,Xalisco,Nayarit
63799,Tepic (Poeta Amado Nervo),Xalisco,Nayarit
63800,San Pedro Lagunillas Centro,San Pedro Lagunillas,Nayarit
63804,Milpillas Bajas,San Pedro Lagunillas,Nayarit
63806,Emiliano Zapata,San Pedro Lagunillas,Nayarit
63807,Lázaro Cárdenas,San Pedro Lagunillas,Nayarit
63809,Tepetiltic,San Pedro Lagunillas,Nayarit
63810,Tequilita,San Pedro Lagunillas,Nayarit
63810,Cuastecomate,San Pedro Lagunillas,Nayarit
63810,Amado Nervo (El Conde),San Pedro Lagunillas,Nayarit
63820,Puerta del Río,San Pedro Lagunillas,Nayarit
63820,Las Guásimas,San Pedro Lagunillas,Nayarit
63826,Cerro Pelón,San Pedro Lagunillas,Nayarit
63830,La Cofradía de Acuitapilco,Santa María del Oro,Nayarit
63830,Del Bosque,Santa María del Oro,Nayarit
63830,Santa María del Oro,Santa María del Oro,Nayarit
63833,Zapotanito,Santa María del Oro,Nayarit
63834,El Limón,Santa María del Oro,Nayarit
63834,Cerro Blanco,Santa María del Oro,Nayarit
63835,San Leonel,Santa María del Oro,Nayarit
63835,La Labor,Santa María del Oro,Nayarit
63836,El Ermitaño,Santa María del Oro,Nayarit
63837,El Mirador,Santa María del Oro,Nayarit
63837,La Galinda,Santa María del Oro,Nayarit
63840,San José de Mojarras,Santa María del Oro,Nayarit
63843,Miguel Hidalgo,Santa María del Oro,Nayarit
63843,Moderna,Santa María del Oro,Nayarit
63844,Buckingham,Santa María del Oro,Nayarit
63844,Las Cuevas,Santa María del Oro,Nayarit
63845,El Guanacaste,Santa María del Oro,Nayarit
63850,Los Horcones,Santa María del Oro,Nayarit
63850,Tequepexpan,Santa María del Oro,Nayarit
63853,La Estanzuela,Santa María del Oro,Nayarit
63854,Los Guajes,Santa María del Oro,Nayarit
63854,El Caracol,Santa María del Oro,Nayarit
63856,Real de Acuitapilco (Esteban Baca Calderón),Santa María del Oro,Nayarit
63857,Acuitapilco de Baca Calderón,Santa María del Oro,Nayarit
63865,La Laguna,Santa María del Oro,Nayarit
63866,Rincón de Calimayo,Santa María del Oro,Nayarit
63867,El Buruato,Santa María del Oro,Nayarit
63870,El Torreón,Santa María del Oro,Nayarit
63870,Ahualamo,Santa María del Oro,Nayarit
63870,Las Mesitas,Santa María del Oro,Nayarit
63870,Chapalilla,Santa María del Oro,Nayarit
63874,El Ocotillo,Santa María del Oro,Nayarit
63880,San Andrés,Jala,Nayarit
63880,Morelos,Jala,Nayarit
63880,San Pedro,Jala,Nayarit
63880,Severiano López,Jala,Nayarit
63880,San Juan de Dios,Jala,Nayarit
63880,El Naranjo,Jala,Nayarit
63880,Jomulco,Jala,Nayarit
63883,Los Pinos,Jala,Nayarit
63883,Emiliano Zapata,Jala,Nayarit
63883,Jardines del Llano,Jala,Nayarit
63885,Los Ramírez,Jala,Nayarit
63885,San Miguel de Buenavista,Jala,Nayarit
63885,Los Aguajes,Jala,Nayarit
63885,Rosa Blanca,Jala,Nayarit
63885,Pueblo Nuevo,Jala,Nayarit
63886,Cofradía de Juanacatlán,Jala,Nayarit
63886,Francisco I. Madero (La Bolsa),Jala,Nayarit
63887,Jalpa Grande,Jala,Nayarit
63889,Buenos Aires,Jala,Nayarit
63890,Jala Centro,Jala,Nayarit
63890,Ricardo Flores Magón,Jala,Nayarit
63890,San Juan,Jala,Nayarit
63890,San Francisco,Jala,Nayarit
63890,Juan Escutia,Jala,Nayarit
63893,Independencia,Jala,Nayarit
63893,Epifanio Gómez Magañez,Jala,Nayarit
63893,Jardines del Valle,Jala,Nayarit
63894,Lucio Cabañas,Jala,Nayarit
63894,La Cruz,Jala,Nayarit
63894,Merced Ibarra,Jala,Nayarit
63895,El Tucán,Jala,Nayarit
63895,La Natividad,Jala,Nayarit
63895,La Quinta,Jala,Nayarit
63897,Coapan,Jala,Nayarit
63899,Santa Fe,Jala,Nayarit
63900,Ahuacatlán,Ahuacatlán,Nayarit
63900,Zoatlán (San Francisco de Zoatlán),Ahuacatlán,Nayarit
63900,La Ciénega,Ahuacatlán,Nayarit
63900,Amequita,Ahuacatlán,Nayarit
63900,San Antonio,Ahuacatlán,Nayarit
63904,La Campana,Ahuacatlán,Nayarit
63905,Heriberto Jara,Ahuacatlán,Nayarit
63905,Copales,Ahuacatlán,Nayarit
63910,Tetitlán,Ahuacatlán,Nayarit
63910,Emiliano Zapata,Ahuacatlán,Nayarit
63911,Estación Valle Verde,Ahuacatlán,Nayarit
63913,Crucero de Marquezado,Ahuacatlán,Nayarit
63913,Marquezado,Ahuacatlán,Nayarit
63915,Santa Isabel,Ahuacatlán,Nayarit
63920,Uzeta,Ahuacatlán,Nayarit
63920,Ahuacatlán,Ahuacatlán,Nayarit
63923,La Otra Banda,Ahuacatlán,Nayarit
63923,Benito Juárez,Ahuacatlán,Nayarit
63925,La Presa,Ahuacatlán,Nayarit
63925,El Cerrito,Ahuacatlán,Nayarit
63925,Las Huertas,Ahuacatlán,Nayarit
63927,El Salto,Ahuacatlán,Nayarit
63927,El Chiquiliqui,Ahuacatlán,Nayarit
63927,Prisciliano Sanchez,Ahuacatlán,Nayarit
63927,Demetrio Vallejo,Ahuacatlán,Nayarit
63928,El Llano,Ahuacatlán,Nayarit
63928,8 de Mayo,Ahuacatlán,Nayarit
63930,Camotlán,Ahuacatlán,Nayarit
63930,Santa Cruz de Camotlán,Ahuacatlán,Nayarit
63935,Las Guásimas,Ahuacatlán,Nayarit
63938,Las Palmas,Ahuacatlán,Nayarit
63940,Mexpan,Ixtlán del Río,Nayarit
63940,Ixtlán del Río,Ixtlán del Río,Nayarit
63944,San Miguel,Ixtlán del Río,Nayarit
63944,San Clemente,Ixtlán del Río,Nayarit
63944,San José de Gracia,Ixtlán del Río,Nayarit
63944,El Terrero,Ixtlán del Río,Nayarit
63944,Ranchos de Arriba,Ixtlán del Río,Nayarit
63944,La Sidra,Ixtlán del Río,Nayarit
63945,Milpillas,Ixtlán del Río,Nayarit
63946,La Haciendita,Ixtlán del Río,Nayarit
63947,Cacalután,Ixtlán del Río,Nayarit
63947,La Higuerita,Ixtlán del Río,Nayarit
63947,Los Mezquites,Ixtlán del Río,Nayarit
63947,Los Sauces,Ixtlán del Río,Nayarit
63947,El Aguacate,Ixtlán del Río,Nayarit
63947,El Zapote,Ixtlán del Río,Nayarit
63950,Centro,Ixtlán del Río,Nayarit
63953,La Huerta,Ixtlán del Río,Nayarit
63953,Las Arboledas,Ixtlán del Río,Nayarit
63954,Juárez,Ixtlán del Río,Nayarit
63954,Esteban Baca Calderón,Ixtlán del Río,Nayarit
63954,Cristo Rey,Ixtlán del Río,Nayarit
63954,Juan Zamora,Ixtlán del Río,Nayarit
63954,De Los Indios,Ixtlán del Río,Nayarit
63954,Emiliano Zapata,Ixtlán del Río,Nayarit
63954,10 de Mayo,Ixtlán del Río,Nayarit
63954,López Portillo,Ixtlán del Río,Nayarit
63955,Carmen Romano,Ixtlán del Río,Nayarit
63955,Emilio M. González,Ixtlán del Río,Nayarit
63956,Las 7 Esquinas,Ixtlán del Río,Nayarit
63956,Barrio Nuevo,Ixtlán del Río,Nayarit
63956,Los Leones,Ixtlán del Río,Nayarit
63957,Las Flores,Ixtlán del Río,Nayarit
63957,Amado Nervo,Ixtlán del Río,Nayarit
63958,Fátima,Ixtlán del Río,Nayarit
63958,Revolución,Ixtlán del Río,Nayarit
63958,El Pinar,Ixtlán del Río,Nayarit
63958,Moderna,Ixtlán del Río,Nayarit
63959,Morelos,Ixtlán del Río,Nayarit
63959,Independencia,Ixtlán del Río,Nayarit
63959,Santo Santiago,Ixtlán del Río,Nayarit
63959,Ernesto Che Guevara,Ixtlán del Río,Nayarit
63959,Juan Escutia,Ixtlán del Río,Nayarit
63959,Los Arcos,Ixtlán del Río,Nayarit
63959,Everardo Peña Navarro,Ixtlán del Río,Nayarit
63959,Adoberas,Ixtlán del Río,Nayarit
63959,Eulogio Parra,Ixtlán del Río,Nayarit
63960,Pueblo Nuevo,Amatlán de Cañas,Nayarit
63960,Loma Linda,Amatlán de Cañas,Nayarit
63960,Amatlán de Cañas,Amatlán de Cañas,Nayarit
63960,Ruben Martín Atalay,Amatlán de Cañas,Nayarit
63963,Colinas del Nayar,Amatlán de Cañas,Nayarit
63963,La Otra Banda,Amatlán de Cañas,Nayarit
63967,Pie de la Cuesta,Amatlán de Cañas,Nayarit
63967,El Copalillo,Amatlán de Cañas,Nayarit
63967,La Escondida (Agua Escondida),Amatlán de Cañas,Nayarit
63967,La Máquina,Amatlán de Cañas,Nayarit
63968,Las Hembrillas,Amatlán de Cañas,Nayarit
63968,San Blasito,Amatlán de Cañas,Nayarit
63968,El Farito,Amatlán de Cañas,Nayarit
63968,La Yerbabuena,Amatlán de Cañas,Nayarit
63968,El Naranjo,Amatlán de Cañas,Nayarit
63969,Jesús María,Amatlán de Cañas,Nayarit
63969,La Lima,Amatlán de Cañas,Nayarit
63969,El Platanar,Amatlán de Cañas,Nayarit
63970,Barranca del Oro,Amatlán de Cañas,Nayarit
63973,El Ombligo,Amatlán de Cañas,Nayarit
63973,El Pilón,Amatlán de Cañas,Nayarit
63973,Las Anonas,Amatlán de Cañas,Nayarit
63974,Nuevo México,Amatlán de Cañas,Nayarit
63974,San Valentín,Amatlán de Cañas,Nayarit
63974,Potrerillos,Amatlán de Cañas,Nayarit
63974,Cerritos,Amatlán de Cañas,Nayarit
63975,El Portezuelo,Amatlán de Cañas,Nayarit
63975,Mezquites,Amatlán de Cañas,Nayarit
63975,Los Agrios,Amatlán de Cañas,Nayarit
63980,El Rosario,Amatlán de Cañas,Nayarit
63985,Tepuzhuacán,Amatlán de Cañas,Nayarit
63990,Estancia de los López,Amatlán de Cañas,Nayarit
63996,El Carrizo,Amatlán de Cañas,Nayarit
63996,El Zopilote,Amatlán de Cañas,Nayarit
