90000,Tlaxcala Centro,Tlaxcala,Tlaxcala
90005,Huertas de San Francisco,Tlaxcala,Tlaxcala
90006,Universidad Autónoma de Tlaxcala,Tlaxcala,Tlaxcala
90010,San Buenaventura Atempan,Tlaxcala,Tlaxcala
90013,Xicoténcatl,Tlaxcala,Tlaxcala
90014,El Bosque,Tlaxcala,Tlaxcala
90014,Los Potrillos,Tlaxcala,Tlaxcala
90014,Vista Hermosa,Tlaxcala,Tlaxcala
90014,Magisterial Vista Hermosa,Tlaxcala,Tlaxcala
90014,Los Volcanes,Tlaxcala,Tlaxcala
90014,Los Causes,Tlaxcala,Tlaxcala
90014,Vista Malintzi,Tlaxcala,Tlaxcala
90014,Cuarto Señorío,Tlaxcala,Tlaxcala
90019,Los Pinos,Tlaxcala,Tlaxcala
90020,Pensionados Militares,Tlaxcala,Tlaxcala
90030,Felipe Santiago Xicoténcatl,Tlaxcala,Tlaxcala
90030,Las Ánimas,Tlaxcala,Tlaxcala
90030,Residencial Jardines de San Gabriel,Tlaxcala,Tlaxcala
90030,Los Girasoles,Tlaxcala,Tlaxcala
90030,Los Pinos,Tlaxcala,Tlaxcala
90030,El Real,Tlaxcala,Tlaxcala
90030,Paso de Cortes,Tlaxcala,Tlaxcala
90030,Cuarto Señoríos,Tlaxcala,Tlaxcala
90030,Real del Sol,Tlaxcala,Tlaxcala
90030,Los Cipreses,Tlaxcala,Tlaxcala
90030,Las Ánimas,Tlaxcala,Tlaxcala
90030,Los Volcanes,Tlaxcala,Tlaxcala
90030,Lomas de Coyotepec,Tlaxcala,Tlaxcala
90030,Villa de los Ángeles,Tlaxcala,Tlaxcala
90030,Ameyal,Tlaxcala,Tlaxcala
90040,Adolfo López Mateos,Tlaxcala,Tlaxcala
90040,San Miguel Tlamahuco,Tlaxcala,Tlaxcala
90050,Mi Lupita,Tlaxcala,Tlaxcala
90050,Ocotlán INFONAVIT,Tlaxcala,Tlaxcala
90060,San Isidro,Tlaxcala,Tlaxcala
90062,Xicoténcatl,Tlaxcala,Tlaxcala
90062,Insurgentes,Tlaxcala,Tlaxcala
90062,Insurgentes,Tlaxcala,Tlaxcala
90062,El Llanito,Tlaxcala,Tlaxcala
90062,Tlapala,Tlaxcala,Tlaxcala
90080,Del Maestro,Tlaxcala,Tlaxcala
90090,Loma Bonita,Tlaxcala,Tlaxcala
90099,Loma Linda,Tlaxcala,Tlaxcala
90100,Rinconada de Ocotlán,Tlaxcala,Tlaxcala
90100,Ocotlán,Tlaxcala,Tlaxcala
90100,San Esteban Tizatlan,Tlaxcala,Tlaxcala
90100,El Potrero,Tlaxcala,Tlaxcala
90100,3er Señorío,Tlaxcala,Tlaxcala
90100,Araucarias,Tlaxcala,Tlaxcala
90100,Conjunto de las Rosas,Tlaxcala,Tlaxcala
90100,El Mirador,Tlaxcala,Tlaxcala
90102,La Cañada,Tlaxcala,Tlaxcala
90102,San Lucas,Tlaxcala,Tlaxcala
90102,Mirasol,Tlaxcala,Tlaxcala
90102,El Sabinal,Tlaxcala,Tlaxcala
90102,Las Rosas,Tlaxcala,Tlaxcala
90105,San Lazaro,Tlaxcala,Tlaxcala
90105,Santa María Ixtulco,Tlaxcala,Tlaxcala
90105,Tepetlapa,Tlaxcala,Tlaxcala
90110,San Lucas Cuauhtelulpan,Tlaxcala,Tlaxcala
90110,Santa María Acuitlapilco,Tlaxcala,Tlaxcala
90110,Geo Villas San Diego,Tlaxcala,Tlaxcala
90110,Tlayecac,Tlaxcala,Tlaxcala
90110,San Diego,Tlaxcala,Tlaxcala
90110,Xilotzingo,Tlaxcala,Tlaxcala
90110,El Alto,Tlaxcala,Tlaxcala
90110,Zapotla,Tlaxcala,Tlaxcala
90110,San Diego Metepec,Tlaxcala,Tlaxcala
90110,Grande,Tlaxcala,Tlaxcala
90110,Guadalupe,Tlaxcala,Tlaxcala
90110,Los Pirules,Tlaxcala,Tlaxcala
90111,San Sebastián Atlahapa,Tlaxcala,Tlaxcala
90112,San Hipolito Chimalpa,Tlaxcala,Tlaxcala
90114,El Rincón o Los Rosales,Tlaxcala,Tlaxcala
90114,La Herradura,Tlaxcala,Tlaxcala
90114,La Laguna,Tlaxcala,Tlaxcala
90114,Tlacomulco,Tlaxcala,Tlaxcala
90114,Miraflores,Tlaxcala,Tlaxcala
90114,Amapotla,Tlaxcala,Tlaxcala
90114,El Tejocote,Tlaxcala,Tlaxcala
90114,UAT,Tlaxcala,Tlaxcala
90114,La Vista,Tlaxcala,Tlaxcala
90114,El Fresno,Tlaxcala,Tlaxcala
90114,El Rocío,Tlaxcala,Tlaxcala
90114,Los Pinos,Tlaxcala,Tlaxcala
90114,Santa Agueda,Tlaxcala,Tlaxcala
90114,La Joya,Tlaxcala,Tlaxcala
90114,El Cortijo,Tlaxcala,Tlaxcala
90115,San Fernando,Tlaxcala,Tlaxcala
90115,Esmeralda,Tlaxcala,Tlaxcala
90115,3 Volcanes,Tlaxcala,Tlaxcala
90115,La Trinidad Tepehitec,Tlaxcala,Tlaxcala
90115,Puesta del Sol,Tlaxcala,Tlaxcala
90115,Lomas de Guadalupe,Tlaxcala,Tlaxcala
90115,Del Valle,Tlaxcala,Tlaxcala
90117,Bugambilias,Tlaxcala,Tlaxcala
90117,Colinas del Sur,Tlaxcala,Tlaxcala
90117,La Garita de Puebla,Tlaxcala,Tlaxcala
90117,Las Arboledas,Tlaxcala,Tlaxcala
90117,San Gabriel Cuautla,Tlaxcala,Tlaxcala
90118,Tlapancalco,Tlaxcala,Tlaxcala
90120,Centro,Ixtacuixtla de Mariano Matamoros,Tlaxcala
90120,Espíritu Santo,Ixtacuixtla de Mariano Matamoros,Tlaxcala
90120,Santa Cruz El Porvenir,Ixtacuixtla de Mariano Matamoros,Tlaxcala
90120,San José Buenavista,Ixtacuixtla de Mariano Matamoros,Tlaxcala
90120,Barranco,Ixtacuixtla de Mariano Matamoros,Tlaxcala
90120,Cerro Gordo,Ixtacuixtla de Mariano Matamoros,Tlaxcala
90120,Chapultepec,Ixtacuixtla de Mariano Matamoros,Tlaxcala
90120,Villa Mariano Matamoros,Ixtacuixtla de Mariano Matamoros,Tlaxcala
90120,La Escondida,Ixtacuixtla de Mariano Matamoros,Tlaxcala
90120,El Calvario,Ixtacuixtla de Mariano Matamoros,Tlaxcala
90121,La Trinidad Tenexyecac,Ixtacuixtla de Mariano Matamoros,Tlaxcala
90121,Analco,Ixtacuixtla de Mariano Matamoros,Tlaxcala
90121,Tetlapa,Ixtacuixtla de Mariano Matamoros,Tlaxcala
90122,San Diego Xocoyucan,Ixtacuixtla de Mariano Matamoros,Tlaxcala
90123,Santa Justina Ecatepec,Ixtacuixtla de Mariano Matamoros,Tlaxcala
90124,Rancho de la Virgen,Ixtacuixtla de Mariano Matamoros,Tlaxcala
90124,El Paso del Norte,Ixtacuixtla de Mariano Matamoros,Tlaxcala
90124,El Arco,Ixtacuixtla de Mariano Matamoros,Tlaxcala
90124,Leonardo Nájera Díaz,Ixtacuixtla de Mariano Matamoros,Tlaxcala
90124,Las Moras (Las Moradillas),Ixtacuixtla de Mariano Matamoros,Tlaxcala
90125,Granja Miguel Ángel,Ixtacuixtla de Mariano Matamoros,Tlaxcala
90125,Fracción la Virgen,Ixtacuixtla de Mariano Matamoros,Tlaxcala
90125,Gildardo Ramírez González,Ixtacuixtla de Mariano Matamoros,Tlaxcala
90125,San Antonio Atotonilco,Ixtacuixtla de Mariano Matamoros,Tlaxcala
90125,San Cristóbal,Ixtacuixtla de Mariano Matamoros,Tlaxcala
90125,La Virgen,Ixtacuixtla de Mariano Matamoros,Tlaxcala
90125,Las Rositas,Ixtacuixtla de Mariano Matamoros,Tlaxcala
90125,Agustín López,Ixtacuixtla de Mariano Matamoros,Tlaxcala
90125,Tláloc,Ixtacuixtla de Mariano Matamoros,Tlaxcala
90126,Santa Inés Tecuexcomac,Ixtacuixtla de Mariano Matamoros,Tlaxcala
90126,Tlapizaco,Ixtacuixtla de Mariano Matamoros,Tlaxcala
90126,Tezoquipan,Ixtacuixtla de Mariano Matamoros,Tlaxcala
90127,San Antonio Tizostoc,Ixtacuixtla de Mariano Matamoros,Tlaxcala
90127,San Antonio Tecóac,Ixtacuixtla de Mariano Matamoros,Tlaxcala
90128,San Gabriel Popocatla,Ixtacuixtla de Mariano Matamoros,Tlaxcala
90128,San Isidro,Ixtacuixtla de Mariano Matamoros,Tlaxcala
90130,Alpotzonga de Lira y Ortega,Ixtacuixtla de Mariano Matamoros,Tlaxcala
90130,San Carlos,Ixtacuixtla de Mariano Matamoros,Tlaxcala
90130,Santo Domingo,Ixtacuixtla de Mariano Matamoros,Tlaxcala
90130,Alpotzonga,Ixtacuixtla de Mariano Matamoros,Tlaxcala
90130,San Lucas (El Jagüey),Ixtacuixtla de Mariano Matamoros,Tlaxcala
90130,San Lucas (El Campirano),Ixtacuixtla de Mariano Matamoros,Tlaxcala
90130,Las Huertas,Ixtacuixtla de Mariano Matamoros,Tlaxcala
90130,Guadalupe,Ixtacuixtla de Mariano Matamoros,Tlaxcala
90131,La Caridad Cuaxonacayo,Ixtacuixtla de Mariano Matamoros,Tlaxcala
90132,Santa Rosa de Lima,Ixtacuixtla de Mariano Matamoros,Tlaxcala
90133,San José Escandona,Ixtacuixtla de Mariano Matamoros,Tlaxcala
90133,Capula,Ixtacuixtla de Mariano Matamoros,Tlaxcala
90133,San Juan Nepopualco,Ixtacuixtla de Mariano Matamoros,Tlaxcala
90133,San Miguel la Presa,Ixtacuixtla de Mariano Matamoros,Tlaxcala
90133,La Loma (Las Cuevas),Ixtacuixtla de Mariano Matamoros,Tlaxcala
90133,San Cristóbal Oxtotlapango,Ixtacuixtla de Mariano Matamoros,Tlaxcala
90134,Santiago Xochimilco,Ixtacuixtla de Mariano Matamoros,Tlaxcala
90134,San Marcos Jilotepec,Ixtacuixtla de Mariano Matamoros,Tlaxcala
90135,Santa Ana Nopalucan Centro,Santa Ana Nopalucan,Tlaxcala
90137,Guadalupe,Santa Ana Nopalucan,Tlaxcala
90137,De México,Santa Ana Nopalucan,Tlaxcala
90138,Unidad Deportiva,Santa Ana Nopalucan,Tlaxcala
90138,Nuevo México,Santa Ana Nopalucan,Tlaxcala
90139,El Cerrito,Santa Ana Nopalucan,Tlaxcala
90139,De Puebla,Santa Ana Nopalucan,Tlaxcala
90139,Rancho San Ignacio,Santa Ana Nopalucan,Tlaxcala
90139,El Rosario,Santa Ana Nopalucan,Tlaxcala
90140,San Mateo Huexoyucan,Panotla,Tlaxcala
90140,Quinto,Panotla,Tlaxcala
90140,Zona Militar,Panotla,Tlaxcala
90140,Primero,Panotla,Tlaxcala
90140,Santa Elena,Panotla,Tlaxcala
90140,La Virgen,Panotla,Tlaxcala
90140,San Nicolás Panotla,Panotla,Tlaxcala
90140,Tercero,Panotla,Tlaxcala
90140,Cuarto,Panotla,Tlaxcala
90140,San Tadeo Huiloapan,Panotla,Tlaxcala
90140,Militar,Panotla,Tlaxcala
90140,Segundo,Panotla,Tlaxcala
90145,Santa Cruz Techachalco,Panotla,Tlaxcala
90147,San Jorge Tezoquipan,Panotla,Tlaxcala
90150,Las Ánimas,Panotla,Tlaxcala
90150,Emiliano Zapata,Panotla,Tlaxcala
90151,San Ambrosio Texantla,Panotla,Tlaxcala
90152,Jesús Acatitla,Panotla,Tlaxcala
90155,San Francisco Temetzontla,Panotla,Tlaxcala
90156,Tlachco,Panotla,Tlaxcala
90156,Cuapantla,Panotla,Tlaxcala
90156,Texcacoac,Panotla,Tlaxcala
90156,Tezitla,Panotla,Tlaxcala
90160,Acxotla del Río,Totolac,Tlaxcala
90160,Los Reyes Quiahuiztlan,Totolac,Tlaxcala
90160,San Juan Totolac,Totolac,Tlaxcala
90160,San Miguel Tlamahuco,Totolac,Tlaxcala
90160,Villa Riverena,Totolac,Tlaxcala
90163,Lomas del Sol,Totolac,Tlaxcala
90163,San Marcos I,Totolac,Tlaxcala
90163,San Marcos II,Totolac,Tlaxcala
90163,Tepectipac,Totolac,Tlaxcala
90163,San Marcos Tepeticpac,Totolac,Tlaxcala
90163,Santiago Tepeticpac,Totolac,Tlaxcala
90164,Eucaliptos,Totolac,Tlaxcala
90164,Ejido Totolac,Totolac,Tlaxcala
90164,Zaragoza,Totolac,Tlaxcala
90165,San Francisco Ocotelulco,Totolac,Tlaxcala
90166,La Trinidad Chimalpa,Totolac,Tlaxcala
90166,Chamizal,Totolac,Tlaxcala
90168,La Candelaria Teotlalpan,Totolac,Tlaxcala
90168,El Bosque,Totolac,Tlaxcala
90170,Cerro del Metecatzi,Totolac,Tlaxcala
90180,Las Águilas,Tepeyanco,Tlaxcala
90180,Santiago Tlacochcalco,Tepeyanco,Tlaxcala
90180,San Pedro Xalcaltzinco,Tepeyanco,Tlaxcala
90180,San Cosme Atlamaxac,Tepeyanco,Tlaxcala
90180,San Francisco Tepeyanco Centro,Tepeyanco,Tlaxcala
90180,Guerrero,Tepeyanco,Tlaxcala
90182,Magisterial Tlahuicole,Tepeyanco,Tlaxcala
90182,La Aurora,Tepeyanco,Tlaxcala
90183,Gerardo Franco,Tepeyanco,Tlaxcala
90185,El Durazno,Tepeyanco,Tlaxcala
90193,Villas de Santa Isabel,Santa Isabel Xiloxoxtla,Tlaxcala
90193,Contla,Santa Isabel Xiloxoxtla,Tlaxcala
90193,INFONAVIT 5 de Mayo,Santa Isabel Xiloxoxtla,Tlaxcala
90193,Quiahuixtla Norte,Santa Isabel Xiloxoxtla,Tlaxcala
90193,Chimalpa,Santa Isabel Xiloxoxtla,Tlaxcala
90193,Teotitla,Santa Isabel Xiloxoxtla,Tlaxcala
90194,Culhuaca,Santa Isabel Xiloxoxtla,Tlaxcala
90194,Quiahuixtla Sur,Santa Isabel Xiloxoxtla,Tlaxcala
90194,Parque Industrial Xiloxoxtla,Santa Isabel Xiloxoxtla,Tlaxcala
90194,Independencia,Santa Isabel Xiloxoxtla,Tlaxcala
90195,San Juan Huactzinco,San Juan Huactzinco,Tlaxcala
90195,Las Cruces,San Juan Huactzinco,Tlaxcala
90200,Calpulalpan Centro,Calpulalpan,Tlaxcala
90202,Xahuanxolco,Calpulalpan,Tlaxcala
90202,La Cañada,Calpulalpan,Tlaxcala
90202,San Rafael,Calpulalpan,Tlaxcala
90203,El Palmar,Calpulalpan,Tlaxcala
90203,La Rosa,Calpulalpan,Tlaxcala
90203,San Pedro,Calpulalpan,Tlaxcala
90203,Calpulli,Calpulalpan,Tlaxcala
90203,Europa,Calpulalpan,Tlaxcala
90203,Infonavit,Calpulalpan,Tlaxcala
90203,Trabajadores Federados,Calpulalpan,Tlaxcala
90203,Argos,Calpulalpan,Tlaxcala
90204,Esmeralda,Calpulalpan,Tlaxcala
90204,Villas Del Sur,Calpulalpan,Tlaxcala
90204,El Mirador (Las Conchitas),Calpulalpan,Tlaxcala
90204,Loma Bonita,Calpulalpan,Tlaxcala
90204,La Nopalera,Calpulalpan,Tlaxcala
90205,Pocitos,Calpulalpan,Tlaxcala
90205,Los Volcanes,Calpulalpan,Tlaxcala
90205,San Antonio Calpulalpan,Calpulalpan,Tlaxcala
90205,La Herradura (El Calvario),Calpulalpan,Tlaxcala
90205,Arboledas,Calpulalpan,Tlaxcala
90207,Xicotencatl,Calpulalpan,Tlaxcala
90207,Santa Cecilia,Calpulalpan,Tlaxcala
90207,Francisco Sarabia,Calpulalpan,Tlaxcala
90207,Salvador Guarneros,Calpulalpan,Tlaxcala
90208,El Refugio,Calpulalpan,Tlaxcala
90208,Belén,Calpulalpan,Tlaxcala
90208,Independencia,Calpulalpan,Tlaxcala
90208,Alfonso Espejel,Calpulalpan,Tlaxcala
90208,Nazaret,Calpulalpan,Tlaxcala
90210,San Benigno,Calpulalpan,Tlaxcala
90210,San Mateo Aticpac,Calpulalpan,Tlaxcala
90210,Amantla,Calpulalpan,Tlaxcala
90213,San Miguel,Calpulalpan,Tlaxcala
90213,Las Palomas,Calpulalpan,Tlaxcala
90213,Los Pinos,Calpulalpan,Tlaxcala
90214,El Caracol,Calpulalpan,Tlaxcala
90217,Camino a San Vicente,Calpulalpan,Tlaxcala
90218,Las Auras,Calpulalpan,Tlaxcala
90218,El Piñón,Calpulalpan,Tlaxcala
90218,San Vicente,Calpulalpan,Tlaxcala
90218,Marcelino Cruz,Calpulalpan,Tlaxcala
90220,La Soledad,Calpulalpan,Tlaxcala
90220,Santa Cruz,Calpulalpan,Tlaxcala
90220,Santa Isabel Mixtitlán,Calpulalpan,Tlaxcala
90220,El Mirador,Calpulalpan,Tlaxcala
90220,Monte de San Agustín,Calpulalpan,Tlaxcala
90220,Loma de San Agustín,Calpulalpan,Tlaxcala
90220,Jacarandas,Calpulalpan,Tlaxcala
90220,El Cacalote,Calpulalpan,Tlaxcala
90220,San Francisco,Calpulalpan,Tlaxcala
90220,La Flor,Calpulalpan,Tlaxcala
90220,La Hondonada,Calpulalpan,Tlaxcala
90220,Mazapa,Calpulalpan,Tlaxcala
90220,Analco Dos,Calpulalpan,Tlaxcala
90220,La Ocotera,Calpulalpan,Tlaxcala
90220,Cacho,Calpulalpan,Tlaxcala
90220,Santa Teresa,Calpulalpan,Tlaxcala
90220,La Palma,Calpulalpan,Tlaxcala
90220,Pacheco,Calpulalpan,Tlaxcala
90220,Pacheco (De la Rosa),Calpulalpan,Tlaxcala
90220,Ángel Pelcastre,Calpulalpan,Tlaxcala
90220,Jagüey de Enmedio,Calpulalpan,Tlaxcala
90220,Hermanos García,Calpulalpan,Tlaxcala
90222,Los Mogotes,Calpulalpan,Tlaxcala
90222,San Felipe Sultepec,Calpulalpan,Tlaxcala
90222,Los Tres Hermanos,Calpulalpan,Tlaxcala
90222,La Quebradora,Calpulalpan,Tlaxcala
90224,El Rosario (Parada la Capilla),Calpulalpan,Tlaxcala
90224,La Venta,Calpulalpan,Tlaxcala
90224,Barranca del Tizar,Calpulalpan,Tlaxcala
90224,Santiago Cuaula,Calpulalpan,Tlaxcala
90224,Santo Domingo Tequixtla,Calpulalpan,Tlaxcala
90224,San Cristóbal Zacacalco,Calpulalpan,Tlaxcala
90224,Puente del Ocomique,Calpulalpan,Tlaxcala
90224,San Marcos Guaquilpan,Calpulalpan,Tlaxcala
90224,Los Compadres,Calpulalpan,Tlaxcala
90225,Los Pinos,Calpulalpan,Tlaxcala
90225,El Mareño,Calpulalpan,Tlaxcala
90225,Coesillos,Calpulalpan,Tlaxcala
90225,San Rodrigo,Calpulalpan,Tlaxcala
90225,La Blanca,Calpulalpan,Tlaxcala
90225,Rodolfo Ávila,Calpulalpan,Tlaxcala
90225,Los Palacios,Calpulalpan,Tlaxcala
90225,San Isidro,Calpulalpan,Tlaxcala
90225,Del Venado,Calpulalpan,Tlaxcala
90225,San Bartolomé del Monte,Calpulalpan,Tlaxcala
90225,Los Capulines,Calpulalpan,Tlaxcala
90225,Analco (Jorge López),Calpulalpan,Tlaxcala
90225,El Mirador Dos,Calpulalpan,Tlaxcala
90225,Las Dalias,Calpulalpan,Tlaxcala
90226,Gustavo Díaz Ordaz,Calpulalpan,Tlaxcala
90226,San José (Los Hornos),Calpulalpan,Tlaxcala
90226,Velázquez,Calpulalpan,Tlaxcala
90226,Zoquiapan,Calpulalpan,Tlaxcala
90226,El Padrino,Calpulalpan,Tlaxcala
90226,San Juan Temazcales,Calpulalpan,Tlaxcala
90226,El Mirador,Calpulalpan,Tlaxcala
90226,El Carmen,Calpulalpan,Tlaxcala
90226,San José,Calpulalpan,Tlaxcala
90226,Tlazalán,Calpulalpan,Tlaxcala
90226,El Triángulo,Calpulalpan,Tlaxcala
90230,Sanctórum,Sanctórum de Lázaro Cárdenas,Tlaxcala
90231,Francisco Villa,Sanctórum de Lázaro Cárdenas,Tlaxcala
90233,San Nicolás (Farfán),Sanctórum de Lázaro Cárdenas,Tlaxcala
90233,San Nicolás El Grande,Sanctórum de Lázaro Cárdenas,Tlaxcala
90233,Pachuquilla,Sanctórum de Lázaro Cárdenas,Tlaxcala
90233,NCP Álvaro Obregón,Sanctórum de Lázaro Cárdenas,Tlaxcala
90233,Celia Pérez,Sanctórum de Lázaro Cárdenas,Tlaxcala
90233,Juan Antonio,Sanctórum de Lázaro Cárdenas,Tlaxcala
90234,San Leonardo Arroyo,Sanctórum de Lázaro Cárdenas,Tlaxcala
90234,La Ladera,Sanctórum de Lázaro Cárdenas,Tlaxcala
90234,Santa Cruz,Sanctórum de Lázaro Cárdenas,Tlaxcala
90234,La Providencia,Sanctórum de Lázaro Cárdenas,Tlaxcala
90234,Las Palomas,Sanctórum de Lázaro Cárdenas,Tlaxcala
90234,La Reforma,Sanctórum de Lázaro Cárdenas,Tlaxcala
90234,La Presa de Pozuelos,Sanctórum de Lázaro Cárdenas,Tlaxcala
90234,Esquibajas,Sanctórum de Lázaro Cárdenas,Tlaxcala
90234,Julio Roldán,Sanctórum de Lázaro Cárdenas,Tlaxcala
90234,Los Alpinos,Sanctórum de Lázaro Cárdenas,Tlaxcala
90234,Contadero,Sanctórum de Lázaro Cárdenas,Tlaxcala
90234,Doña Evelia (Los Alpinos),Sanctórum de Lázaro Cárdenas,Tlaxcala
90234,Guadalupe,Sanctórum de Lázaro Cárdenas,Tlaxcala
90235,Benito Juárez,Benito Juárez,Tlaxcala
90237,Ampliación Progreso,Benito Juárez,Tlaxcala
90240,Los Hornitos,Hueyotlipan,Tlaxcala
90240,La Cañada,Hueyotlipan,Tlaxcala
90240,San Ildefonso Hueyotlipan,Hueyotlipan,Tlaxcala
90241,San Simeon Xipetzinco,Hueyotlipan,Tlaxcala
90243,San Andrés Cuaximala,Hueyotlipan,Tlaxcala
90243,Agua Limpia,Hueyotlipan,Tlaxcala
90243,El Carmen (Las Carrozas),Hueyotlipan,Tlaxcala
90244,Santa María Ixcontla,Hueyotlipan,Tlaxcala
90244,Santiago Tlalpan,Hueyotlipan,Tlaxcala
90244,Las Tortolas,Hueyotlipan,Tlaxcala
90244,Potrero Grande,Hueyotlipan,Tlaxcala
90244,Onésimo Flores Elizalde (El Cerrito),Hueyotlipan,Tlaxcala
90244,San Manuel Tlalpan,Hueyotlipan,Tlaxcala
90245,Los Caifanes (La Purísima),Hueyotlipan,Tlaxcala
90245,El Jardín,Hueyotlipan,Tlaxcala
90245,La Cañada,Hueyotlipan,Tlaxcala
90245,San Diego Recoba,Hueyotlipan,Tlaxcala
90245,Playa Azul,Hueyotlipan,Tlaxcala
90245,Cacho Grande,Hueyotlipan,Tlaxcala
90245,El Resumidero,Hueyotlipan,Tlaxcala
90245,La Ardilla,Hueyotlipan,Tlaxcala
90245,La Laguna,Hueyotlipan,Tlaxcala
90245,Las Cruces,Hueyotlipan,Tlaxcala
90246,Hacienda San Blas Cuaxomulco,Hueyotlipan,Tlaxcala
90246,Ignacio Zaragoza,Hueyotlipan,Tlaxcala
90246,El Novillo,Hueyotlipan,Tlaxcala
90246,Adolfo López Mateos,Hueyotlipan,Tlaxcala
90246,Emilio Sánchez Piedras,Hueyotlipan,Tlaxcala
90246,El Durazno,Hueyotlipan,Tlaxcala
90246,La Puerta,Hueyotlipan,Tlaxcala
90247,Loma Bonita,Hueyotlipan,Tlaxcala
90247,NCP San Antonio Techalote,Hueyotlipan,Tlaxcala
90247,La Cruz Techalote,Hueyotlipan,Tlaxcala
90247,San Lorenzo Techalote,Hueyotlipan,Tlaxcala
90247,El Pilar,Hueyotlipan,Tlaxcala
90247,San Antonio Techalote,Hueyotlipan,Tlaxcala
90247,Marcos Robles,Hueyotlipan,Tlaxcala
90247,Santo Tomás (El Nopal),Hueyotlipan,Tlaxcala
90247,Hacienda San Fernando,Hueyotlipan,Tlaxcala
90247,La Purísima,Hueyotlipan,Tlaxcala
90247,San Fernando,Hueyotlipan,Tlaxcala
90247,Santa Lucía,Hueyotlipan,Tlaxcala
90250,San José Atotonilco,Tlaxco,Tlaxcala
90250,José María Morelos Buenavista,Tlaxco,Tlaxcala
90250,San Juan,Tlaxco,Tlaxcala
90250,Ejidal,Tlaxco,Tlaxcala
90250,Las Ánimas,Tlaxco,Tlaxcala
90250,Tlaxco,Tlaxco,Tlaxcala
90250,Tepatlaxco,Tlaxco,Tlaxcala
90250,Iturbide,Tlaxco,Tlaxcala
90250,Postal,Tlaxco,Tlaxcala
90250,Xomitla,Tlaxco,Tlaxcala
90251,El Nacimiento,Tlaxco,Tlaxcala
90251,Xochuca,Tlaxco,Tlaxcala
90251,NCPE la Herradura,Tlaxco,Tlaxcala
90251,San Antonio Huexotitla,Tlaxco,Tlaxcala
90251,Guadalupe Huexotitla,Tlaxco,Tlaxcala
90251,La Candelaria,Tlaxco,Tlaxcala
90253,Vista Hermosa,Tlaxco,Tlaxcala
90255,Acopinalco del Peñón,Tlaxco,Tlaxcala
90255,El Sabinal,Tlaxco,Tlaxcala
90255,Chico,Tlaxco,Tlaxcala
90255,Santiago Tlatepoxco,Tlaxco,Tlaxcala
90255,Grande,Tlaxco,Tlaxcala
90256,El Rosario,Tlaxco,Tlaxcala
90257,El Limón,Tlaxco,Tlaxcala
90257,Juan Arroyo,Tlaxco,Tlaxcala
90257,El Tintero,Tlaxco,Tlaxcala
90257,Los Serranos,Tlaxco,Tlaxcala
90257,Payuquiya,Tlaxco,Tlaxcala
90257,El Mirador,Tlaxco,Tlaxcala
90257,Luciano Flores,Tlaxco,Tlaxcala
90257,El Catorce,Tlaxco,Tlaxcala
90257,San José el Escombro,Tlaxco,Tlaxcala
90257,Diego Muñoz Camargo,Tlaxco,Tlaxcala
90257,La Pedregosa,Tlaxco,Tlaxcala
90257,Tablón de Guadalupe Payuca,Tlaxco,Tlaxcala
90257,Piedra Blanca,Tlaxco,Tlaxcala
90257,El Paraje,Tlaxco,Tlaxcala
90257,El Sotol,Tlaxco,Tlaxcala
90257,San Pedro la Cueva,Tlaxco,Tlaxcala
90257,La Herradura,Tlaxco,Tlaxcala
90258,Al final de la Senda,Tlaxco,Tlaxcala
90258,La Troje,Tlaxco,Tlaxcala
90258,El Capulín,Tlaxco,Tlaxcala
90258,La Cieneguilla,Tlaxco,Tlaxcala
90258,Kilómetro Treinta y Uno,Tlaxco,Tlaxcala
90258,Río Blanco (El Doce),Tlaxco,Tlaxcala
90258,Juan Antonio Burle Lomelí,Tlaxco,Tlaxcala
90258,La Paz,Tlaxco,Tlaxcala
90258,Llanos de Teopa,Tlaxco,Tlaxcala
90259,Tlacotla,Tlaxco,Tlaxcala
90259,De Lourdes,Tlaxco,Tlaxcala
90259,Nuevo,Tlaxco,Tlaxcala
90259,Corralillos,Tlaxco,Tlaxcala
90259,Los Panchos,Tlaxco,Tlaxcala
90260,Soltepec,Tlaxco,Tlaxcala
90260,La Magdalena Soltepec,Tlaxco,Tlaxcala
90260,Lagunilla,Tlaxco,Tlaxcala
90261,Profesor Graciano Sánchez,Tlaxco,Tlaxcala
90261,El Desierto,Tlaxco,Tlaxcala
90261,Agrícola Mimiahuapan,Tlaxco,Tlaxcala
90261,Las Vigas,Tlaxco,Tlaxcala
90261,Cinegético Cruz Verde,Tlaxco,Tlaxcala
90262,Loma Bonita,Tlaxco,Tlaxcala
90262,Mazaquiáhuac,Tlaxco,Tlaxcala
90262,El Jagüey de los Columpios,Tlaxco,Tlaxcala
90262,Mariano Matamoros,Tlaxco,Tlaxcala
90263,Casa Blanca,Tlaxco,Tlaxcala
90264,Unión Ejidal Tierra y Libertad,Tlaxco,Tlaxcala
90264,Maguey Cenizo,Tlaxco,Tlaxcala
90264,Los Ranchitos (La Nopalera),Tlaxco,Tlaxcala
90264,La Trasquila,Tlaxco,Tlaxcala
90264,Rolando Maldonado,Tlaxco,Tlaxcala
90265,El Perpetuo Socorro,Tlaxco,Tlaxcala
90265,El Pato,Tlaxco,Tlaxcala
90265,Santa Inés,Tlaxco,Tlaxcala
90265,Santa Cruz,Tlaxco,Tlaxcala
90265,San Agustín,Tlaxco,Tlaxcala
90265,Santa María,Tlaxco,Tlaxcala
90265,Ex-hacienda San Buenaventura,Tlaxco,Tlaxcala
90265,San Lorenzo Soltepec,Tlaxco,Tlaxcala
90265,El Santísimo,Tlaxco,Tlaxcala
90266,San Francisco Quintanilla,Tlaxco,Tlaxcala
90266,La Providencia,Tlaxco,Tlaxcala
90266,San Diego Quintanilla,Tlaxco,Tlaxcala
90266,El Fresno,Tlaxco,Tlaxcala
90266,Alta Luz,Tlaxco,Tlaxcala
90267,San José Tepeyahualco,Tlaxco,Tlaxcala
90267,La Mesa del Cielo,Tlaxco,Tlaxcala
90267,Las Maravillas,Tlaxco,Tlaxcala
90270,Tecomalucan,Tlaxco,Tlaxcala
90271,Máximo Rojas Xalóstoc,Tlaxco,Tlaxcala
90271,La Vega,Tlaxco,Tlaxcala
90271,La Joya,Tlaxco,Tlaxcala
90273,El Paraíso,Tlaxco,Tlaxcala
90273,Santa Rosa de Lima,Tlaxco,Tlaxcala
90273,El Chupadero,Tlaxco,Tlaxcala
90273,Ex-hacienda San Pedro Metla,Tlaxco,Tlaxcala
90273,Conzoquio,Tlaxco,Tlaxcala
90273,El Convento,Tlaxco,Tlaxcala
90274,Los Charcos,Tlaxco,Tlaxcala
90274,La Ciénega,Tlaxco,Tlaxcala
90274,Las Palomas,Tlaxco,Tlaxcala
90274,El Mirador,Tlaxco,Tlaxcala
90274,Las Zarandelas,Tlaxco,Tlaxcala
90274,La Palma,Tlaxco,Tlaxcala
90274,Texocotla,Tlaxco,Tlaxcala
90274,La Galera el Infiernillo,Tlaxco,Tlaxcala
90274,Loma de Enmedio,Tlaxco,Tlaxcala
90274,El Calvario,Tlaxco,Tlaxcala
90274,La Lobera,Tlaxco,Tlaxcala
90274,La Rosa,Tlaxco,Tlaxcala
90274,Los Capulines,Tlaxco,Tlaxcala
90274,Tetzitzilica,Tlaxco,Tlaxcala
90275,Rancho Ojo de Agua,Tlaxco,Tlaxcala
90275,Las Mesas,Tlaxco,Tlaxcala
90275,Capilla de Tepeyahualco,Tlaxco,Tlaxcala
90276,La Pera,Tlaxco,Tlaxcala
90276,Los Pinos,Tlaxco,Tlaxcala
90276,Toltecapa,Tlaxco,Tlaxcala
90276,La Loma del Cortijo,Tlaxco,Tlaxcala
90276,Tlaquexpa,Tlaxco,Tlaxcala
90276,La Rayuela (Las Mesas y la Palma),Tlaxco,Tlaxcala
90276,El Potrero,Tlaxco,Tlaxcala
90276,Alemania,Tlaxco,Tlaxcala
90276,El Llano,Tlaxco,Tlaxcala
90276,El Potrero Mazayolo,Tlaxco,Tlaxcala
90277,Comisión Federal de Electricidad-La Martinica,Tlaxco,Tlaxcala
90277,Santa Fe,Tlaxco,Tlaxcala
90277,La Tronconera,Tlaxco,Tlaxcala
90277,El Jardín,Tlaxco,Tlaxcala
90277,El Grullo,Tlaxco,Tlaxcala
90277,San Pablo el Mirador,Tlaxco,Tlaxcala
90277,Las Tórtolas,Tlaxco,Tlaxcala
90277,San Baltazar,Tlaxco,Tlaxcala
90277,La Loma del Jardín,Tlaxco,Tlaxcala
90277,El Mirador (Teresa Rivera),Tlaxco,Tlaxcala
90277,El Volador,Tlaxco,Tlaxcala
90277,Tierra Nueva,Tlaxco,Tlaxcala
90277,El Tecorral,Tlaxco,Tlaxcala
90278,Los Polos,Tlaxco,Tlaxcala
90278,Agua Escondida Zotoluca,Tlaxco,Tlaxcala
90278,San Martín,Tlaxco,Tlaxcala
90278,Seco el Viejo,Tlaxco,Tlaxcala
90278,Los Laureles,Tlaxco,Tlaxcala
90278,San José Atotonilco,Tlaxco,Tlaxcala
90278,San Antonio Chapultepec,Tlaxco,Tlaxcala
90278,Dos Barrancas,Tlaxco,Tlaxcala
90278,Santa María Zotoluca,Tlaxco,Tlaxcala
90278,Campo David,Tlaxco,Tlaxcala
90278,Titichilco,Tlaxco,Tlaxcala
90278,Agua Escondida,Tlaxco,Tlaxcala
90278,Santa Cruz Rancho Seco,Tlaxco,Tlaxcala
90278,Seco,Tlaxco,Tlaxcala
90280,Niños Héroes de Chapultepec,Nanacamilpa de Mariano Arista,Tlaxcala
90280,Chapultepec,Nanacamilpa de Mariano Arista,Tlaxcala
90280,INFONAVIT Mineros,Nanacamilpa de Mariano Arista,Tlaxcala
90280,Loreto,Nanacamilpa de Mariano Arista,Tlaxcala
90280,Francisco Villa,Nanacamilpa de Mariano Arista,Tlaxcala
90280,La Villa,Nanacamilpa de Mariano Arista,Tlaxcala
90280,Domingo Arenas,Nanacamilpa de Mariano Arista,Tlaxcala
90280,Obregón,Nanacamilpa de Mariano Arista,Tlaxcala
90280,Loma Bonita,Nanacamilpa de Mariano Arista,Tlaxcala
90283,Adrián Hernández,Nanacamilpa de Mariano Arista,Tlaxcala
90283,Santos Lozano,Nanacamilpa de Mariano Arista,Tlaxcala
90283,Amaxac,Nanacamilpa de Mariano Arista,Tlaxcala
90283,Los Delgadillo,Nanacamilpa de Mariano Arista,Tlaxcala
90283,Salima (La Candelaria),Nanacamilpa de Mariano Arista,Tlaxcala
90284,Domingo Arenas,Nanacamilpa de Mariano Arista,Tlaxcala
90284,Entronque Nanacamilpa,Nanacamilpa de Mariano Arista,Tlaxcala
90284,Ixtafiayuca,Nanacamilpa de Mariano Arista,Tlaxcala
90284,Francisco I. Madero,Nanacamilpa de Mariano Arista,Tlaxcala
90285,Los Manueles,Nanacamilpa de Mariano Arista,Tlaxcala
90285,Media Caballería,Nanacamilpa de Mariano Arista,Tlaxcala
90285,Los Rosales,Nanacamilpa de Mariano Arista,Tlaxcala
90285,Las Bugambilias,Nanacamilpa de Mariano Arista,Tlaxcala
90285,Mifive,Nanacamilpa de Mariano Arista,Tlaxcala
90285,La Unión,Nanacamilpa de Mariano Arista,Tlaxcala
90286,Manuel Estrada,Nanacamilpa de Mariano Arista,Tlaxcala
90286,San Cayetano,Nanacamilpa de Mariano Arista,Tlaxcala
90286,Tepuente,Nanacamilpa de Mariano Arista,Tlaxcala
90286,Constantino Zavala,Nanacamilpa de Mariano Arista,Tlaxcala
90287,El Carmen,Nanacamilpa de Mariano Arista,Tlaxcala
90287,Ramón Contreras,Nanacamilpa de Mariano Arista,Tlaxcala
90287,Agua Escondida,Nanacamilpa de Mariano Arista,Tlaxcala
90288,San Isidro,Nanacamilpa de Mariano Arista,Tlaxcala
90288,Jagüey Seco,Nanacamilpa de Mariano Arista,Tlaxcala
90288,Miguel Lira y Ortega,Nanacamilpa de Mariano Arista,Tlaxcala
90288,San Felipe Hidalgo,Nanacamilpa de Mariano Arista,Tlaxcala
90290,San Miguel,Españita,Tlaxcala
90290,Españita,Españita,Tlaxcala
90290,El Carmen,Españita,Tlaxcala
90291,San Juan Mitepec,Españita,Tlaxcala
90292,San Francisco Mitepec,Españita,Tlaxcala
90292,Las Rosas,Españita,Tlaxcala
90292,Potrero el Piñón,Españita,Tlaxcala
90292,La Puerta,Españita,Tlaxcala
90292,San Pablo,Españita,Tlaxcala
90292,San Miguel Pipiyola,Españita,Tlaxcala
90293,Álvaro Obregón,Españita,Tlaxcala
90293,La Joya,Españita,Tlaxcala
90293,San Agustín,Españita,Tlaxcala
90293,Francisco I. Madero el Viejo,Españita,Tlaxcala
90293,Lindavista,Españita,Tlaxcala
90293,Pablo García Sánchez (Rancho Tecuicuilco),Españita,Tlaxcala
90293,La Concepción,Españita,Tlaxcala
90293,Rancho Nuevo,Españita,Tlaxcala
90294,Miguel Aldama,Españita,Tlaxcala
90294,Guillén,Españita,Tlaxcala
90294,La Soledad,Españita,Tlaxcala
90294,El Violín,Españita,Tlaxcala
90294,Las Pilas,Españita,Tlaxcala
90295,Barrio de Torres,Españita,Tlaxcala
90295,La Magdalena Cuextotitla,Españita,Tlaxcala
90295,José Luis Tovar Olvera,Españita,Tlaxcala
90297,Vicente Guerrero,Españita,Tlaxcala
90297,El Agua Santa (Las Tinas),Españita,Tlaxcala
90297,El Ocotal (Roque Sánchez),Españita,Tlaxcala
90297,El Calicanto,Españita,Tlaxcala
90297,Lagunitas,Españita,Tlaxcala
90298,La Reforma,Españita,Tlaxcala
90298,El Sabinal,Españita,Tlaxcala
90298,La Valentina,Españita,Tlaxcala
90298,El Relicario,Españita,Tlaxcala
90298,El Capulín,Españita,Tlaxcala
90298,El Potrero,Españita,Tlaxcala
90298,La Constancia,Españita,Tlaxcala
90298,Asilo de Anciano San Judas Tadeo,Españita,Tlaxcala
90298,San Antonio,Españita,Tlaxcala
90298,San Miguel Tepalca,Españita,Tlaxcala
90298,Los Capulines,Españita,Tlaxcala
90298,San Miguel el Piñón,Españita,Tlaxcala
90298,San José Bellavista,Españita,Tlaxcala
90298,Gandhi,Españita,Tlaxcala
90298,San Antonio,Españita,Tlaxcala
90300,Centro,Apizaco,Tlaxcala
90319,Rodan,Apizaco,Tlaxcala
90320,Granjas de Guadalupe,Apizaco,Tlaxcala
90323,Cerrito de Guadalupe,Apizaco,Tlaxcala
90329,Hogares Ferrocarrileros,Apizaco,Tlaxcala
90329,Hogares Ferrocarrileros 3,Apizaco,Tlaxcala
90329,Fuentes de Actipan,Apizaco,Tlaxcala
90330,Guadalupe,Apizaco,Tlaxcala
90337,San Martin de Porres,Apizaco,Tlaxcala
90338,El Carmen,Apizaco,Tlaxcala
90338,Bellavista,Apizaco,Tlaxcala
90338,San Diego Crom,Apizaco,Tlaxcala
90339,San Miguel,Apizaco,Tlaxcala
90340,Santa Rosa,Apizaco,Tlaxcala
90341,20 de Noviembre,Apizaco,Tlaxcala
90342,Ferrocarrilera,Apizaco,Tlaxcala
90342,Emilio Sanchez Piedras,Apizaco,Tlaxcala
90347,La Ciénega,Apizaco,Tlaxcala
90350,Buenos Aires,Apizaco,Tlaxcala
90350,INFONAVIT San Rafael Atlixtac,Apizaco,Tlaxcala
90350,INFONAVIT CTM,Apizaco,Tlaxcala
90354,Villa Santa Clara,Apizaco,Tlaxcala
90354,Villa Santa Anita,Apizaco,Tlaxcala
90354,Villas de Apizaco,Apizaco,Tlaxcala
90355,Loma Paraíso,Apizaco,Tlaxcala
90355,FOVISSSTE Loma Verde,Apizaco,Tlaxcala
90355,Paso de Cortes II,Apizaco,Tlaxcala
90355,Paso de Cortes,Apizaco,Tlaxcala
90355,La Perla,Apizaco,Tlaxcala
90355,Villas del Monte,Apizaco,Tlaxcala
90355,INFONAVIT Loma Verde,Apizaco,Tlaxcala
90355,La Perla II,Apizaco,Tlaxcala
90355,Apatlahuaya,Apizaco,Tlaxcala
90355,Real Del Bosque,Apizaco,Tlaxcala
90355,Real Del Valle,Apizaco,Tlaxcala
90355,San Diego,Apizaco,Tlaxcala
90356,Los Sauces,Apizaco,Tlaxcala
90356,Nuevo México,Apizaco,Tlaxcala
90356,Loma Florida 2a Secc,Apizaco,Tlaxcala
90356,Loma Florida 1a Secc,Apizaco,Tlaxcala
90357,Benito Juárez,Apizaco,Tlaxcala
90357,Lindavista,Apizaco,Tlaxcala
90357,Adolfo Lopez Mateos,Apizaco,Tlaxcala
90357,Fátima,Apizaco,Tlaxcala
90358,Jesús y San Juan,Apizaco,Tlaxcala
90360,La Cañada,Apizaco,Tlaxcala
90360,Bryc,Apizaco,Tlaxcala
90360,Los Morales II,Apizaco,Tlaxcala
90370,INDECO San Rafael Atlixtac,Apizaco,Tlaxcala
90370,Zaragoza,Apizaco,Tlaxcala
90370,Campestre los Sabinos,Apizaco,Tlaxcala
90378,Loma Santa Anita,Apizaco,Tlaxcala
90380,La Soledad,Apizaco,Tlaxcala
90380,Agrícola Covadonga,Apizaco,Tlaxcala
90380,Jardines de Apizaco,Apizaco,Tlaxcala
90380,El Llano,Apizaco,Tlaxcala
90401,San Luis Apizaquito,Apizaco,Tlaxcala
90401,San Luis Apizaquito,Apizaco,Tlaxcala
90401,El Farallon,Apizaco,Tlaxcala
90401,La Paz,Apizaco,Tlaxcala
90401,Lomas de Apizaquito,Apizaco,Tlaxcala
90401,Residencial Las Flores,Apizaco,Tlaxcala
90401,Benito Juárez Apizaquito,Apizaco,Tlaxcala
90401,Coporo y Cerro Azul I y II,Apizaco,Tlaxcala
90401,El Calvario,Apizaco,Tlaxcala
90401,San Luis,Apizaco,Tlaxcala
90401,Tulio Hernandez,Apizaco,Tlaxcala
90401,La Colina,Apizaco,Tlaxcala
90402,10 de Mayo,Apizaco,Tlaxcala
90402,2a. Sección,Apizaco,Tlaxcala
90402,Francisco I. Madero,Apizaco,Tlaxcala
90402,El Cerrito,Apizaco,Tlaxcala
90402,Santa Maria Texcalac,Apizaco,Tlaxcala
90403,Guadalupe Texcalac,Apizaco,Tlaxcala
90404,CERESO Apizaco,Apizaco,Tlaxcala
90405,Actipan,Apizaco,Tlaxcala
90405,Cuarta Manzana,Apizaco,Tlaxcala
90405,Atenco,Apizaco,Tlaxcala
90405,Jardines de San Francisco,Apizaco,Tlaxcala
90405,José María Morelos,Apizaco,Tlaxcala
90406,San Isidro,Apizaco,Tlaxcala
90406,Jardines de San Isidro,Apizaco,Tlaxcala
90406,Lomas del Bosque,Apizaco,Tlaxcala
90406,Lomas del Bosque II,Apizaco,Tlaxcala
90407,San Marcos,Apizaco,Tlaxcala
90407,Atlayoalco,Apizaco,Tlaxcala
90407,Santa Anita Huiloac,Apizaco,Tlaxcala
90410,Atlangatepec,Atlangatepec,Tlaxcala
90411,La Palma,Atlangatepec,Tlaxcala
90411,La Providencia,Atlangatepec,Tlaxcala
90411,Agrícola San Luis,Atlangatepec,Tlaxcala
90411,La Loma (El Cerrito),Atlangatepec,Tlaxcala
90411,San Simón,Atlangatepec,Tlaxcala
90411,Cerro de las Flores,Atlangatepec,Tlaxcala
90411,Agrícola Santa Clara Ozumba,Atlangatepec,Tlaxcala
90411,El Catorce,Atlangatepec,Tlaxcala
90413,La Flor,Atlangatepec,Tlaxcala
90413,El Paraíso,Atlangatepec,Tlaxcala
90413,San Felipe,Atlangatepec,Tlaxcala
90413,San José Atlanga,Atlangatepec,Tlaxcala
90413,Zumpango,Atlangatepec,Tlaxcala
90413,La Cuchilla (El Alcanfor),Atlangatepec,Tlaxcala
90414,Las Tinajas (La Tepozanera),Atlangatepec,Tlaxcala
90414,Las Barrancas,Atlangatepec,Tlaxcala
90414,Los Capulines,Atlangatepec,Tlaxcala
90414,La Joya,Atlangatepec,Tlaxcala
90414,Las Tinajas,Atlangatepec,Tlaxcala
90414,Los Encinos,Atlangatepec,Tlaxcala
90414,Santiago Villalta,Atlangatepec,Tlaxcala
90414,El Potrero,Atlangatepec,Tlaxcala
90414,El Ocote,Atlangatepec,Tlaxcala
90414,El Ocote,Atlangatepec,Tlaxcala
90414,El Huérfano,Atlangatepec,Tlaxcala
90414,El Encino,Atlangatepec,Tlaxcala
90415,Santa Elena,Atlangatepec,Tlaxcala
90415,Santa María Tepetzala,Atlangatepec,Tlaxcala
90415,Xalnene,Atlangatepec,Tlaxcala
90415,Sabino Grande (El Carmen),Atlangatepec,Tlaxcala
90415,San José de Santa Rosa Zacapexco,Atlangatepec,Tlaxcala
90415,San Marcos,Atlangatepec,Tlaxcala
90415,Villa de las Flores,Atlangatepec,Tlaxcala
90415,El Ocotal,Atlangatepec,Tlaxcala
90415,San Pedro Ecatepec,Atlangatepec,Tlaxcala
90415,Jericó,Atlangatepec,Tlaxcala
90415,La Herradura,Atlangatepec,Tlaxcala
90415,El Alemán,Atlangatepec,Tlaxcala
90415,El Llano de Xuxtepec,Atlangatepec,Tlaxcala
90415,Tepezilapan,Atlangatepec,Tlaxcala
90415,Unidad Habitacional I,Atlangatepec,Tlaxcala
90415,San Antonio Tepetzala,Atlangatepec,Tlaxcala
90415,Tenopala,Atlangatepec,Tlaxcala
90415,San Antonio (La Esperanza),Atlangatepec,Tlaxcala
90415,San Antonio Zacapexco,Atlangatepec,Tlaxcala
90415,Xuxtepec,Atlangatepec,Tlaxcala
90415,El Ocote (El Jagüey),Atlangatepec,Tlaxcala
90415,La Cañada,Atlangatepec,Tlaxcala
90416,Los Rodríguez,Atlangatepec,Tlaxcala
90416,La Trasquila,Atlangatepec,Tlaxcala
90416,Vista Hermosa,Atlangatepec,Tlaxcala
90416,Centro Vacacional Villa Quinta Olivares,Atlangatepec,Tlaxcala
90416,La Trasquila,Atlangatepec,Tlaxcala
90416,Fracción San Pedro Ecatepec,Atlangatepec,Tlaxcala
90416,Segunda Fracción de Olivares,Atlangatepec,Tlaxcala
90416,Tercera Fracción de Olivares,Atlangatepec,Tlaxcala
90416,Cuarta Fracción de Olivares,Atlangatepec,Tlaxcala
90416,La Cañada,Atlangatepec,Tlaxcala
90416,La Troje,Atlangatepec,Tlaxcala
90418,Loma Bonita,Atlangatepec,Tlaxcala
90418,Benito Juárez (Tezoyo),Atlangatepec,Tlaxcala
90420,Domingo de Muñoz Arenas,Muñoz de Domingo Arenas,Tlaxcala
90421,Guadalupe Estación,Muñoz de Domingo Arenas,Tlaxcala
90421,San José Cuamantzingo,Muñoz de Domingo Arenas,Tlaxcala
90423,La Bodega,Muñoz de Domingo Arenas,Tlaxcala
90423,Los Rodríguez,Muñoz de Domingo Arenas,Tlaxcala
90423,Los Maizales,Muñoz de Domingo Arenas,Tlaxcala
90423,Los Álamos,Muñoz de Domingo Arenas,Tlaxcala
90425,San Isidro Chipila,Muñoz de Domingo Arenas,Tlaxcala
90425,De Zacatepec,Muñoz de Domingo Arenas,Tlaxcala
90426,Muñoz,Muñoz de Domingo Arenas,Tlaxcala
90427,Guadalupe Cuauhtémoc,Muñoz de Domingo Arenas,Tlaxcala
90427,Ex-hacienda de Guadalupe,Muñoz de Domingo Arenas,Tlaxcala
90428,San Bartolo Cuamantzingo,Muñoz de Domingo Arenas,Tlaxcala
90430,1ra San Bartolomé Matlalohcan,Tetla de la Solidaridad,Tlaxcala
90430,Cuatepec,Tetla de la Solidaridad,Tlaxcala
90430,El Pedregal,Tetla de la Solidaridad,Tlaxcala
90430,Las Arboledas,Tetla de la Solidaridad,Tlaxcala
90430,Teotlalpan,Tetla de la Solidaridad,Tlaxcala
90430,Alberto Juárez Blancas,Tetla de la Solidaridad,Tlaxcala
90430,Villas de Tetla,Tetla de la Solidaridad,Tlaxcala
90430,Los Robles,Tetla de la Solidaridad,Tlaxcala
90430,La Cañada,Tetla de la Solidaridad,Tlaxcala
90430,Paseos de Xolalpa,Tetla de la Solidaridad,Tlaxcala
90430,Jardines de San Bartolo,Tetla de la Solidaridad,Tlaxcala
90430,3ra San Bartolomé Matlalohcan,Tetla de la Solidaridad,Tlaxcala
90430,Vista de Sol,Tetla de la Solidaridad,Tlaxcala
90430,Villa de las Flores,Tetla de la Solidaridad,Tlaxcala
90430,Los Sabinales,Tetla de la Solidaridad,Tlaxcala
90430,Paseos de Tetla,Tetla de la Solidaridad,Tlaxcala
90430,4ta San Bartolomé Matlalohcan,Tetla de la Solidaridad,Tlaxcala
90430,Villa Celeste,Tetla de la Solidaridad,Tlaxcala
90430,América del Sur,Tetla de la Solidaridad,Tlaxcala
90430,Antorcha Revolucionaria INFONAVIT Tetla,Tetla de la Solidaridad,Tlaxcala
90430,Metenco,Tetla de la Solidaridad,Tlaxcala
90430,Actipac,Tetla de la Solidaridad,Tlaxcala
90430,Ocotitla,Tetla de la Solidaridad,Tlaxcala
90432,4ta Manzana San Francisco Atexcatzinco,Tetla de la Solidaridad,Tlaxcala
90432,1ra Manzana San Francisco Atezcatzinco,Tetla de la Solidaridad,Tlaxcala
90432,San Francisco Atexcatzinco 2da Manzana,Tetla de la Solidaridad,Tlaxcala
90432,San Francisco Atexcatzingo 3ra Manz,Tetla de la Solidaridad,Tlaxcala
90433,Chautzingo,Tetla de la Solidaridad,Tlaxcala
90434,José María Morelos y Pavón,Tetla de la Solidaridad,Tlaxcala
90434,Ciudad Industrial Xicohtencatl,Tetla de la Solidaridad,Tlaxcala
90435,La Divina Providencia,Tetla de la Solidaridad,Tlaxcala
90435,San Gregorio,Tetla de la Solidaridad,Tlaxcala
90435,Guillermo Macías,Tetla de la Solidaridad,Tlaxcala
90435,El Carmen,Tetla de la Solidaridad,Tlaxcala
90435,El Prado,Tetla de la Solidaridad,Tlaxcala
90435,Los Dolores,Tetla de la Solidaridad,Tlaxcala
90435,Felipe Gutiérrez,Tetla de la Solidaridad,Tlaxcala
90435,Campo David,Tetla de la Solidaridad,Tlaxcala
90435,Santa Fe la Troje,Tetla de la Solidaridad,Tlaxcala
90435,El Prado,Tetla de la Solidaridad,Tlaxcala
90435,Fracción el Derramadero,Tetla de la Solidaridad,Tlaxcala
90435,Xometla,Tetla de la Solidaridad,Tlaxcala
90435,Capulac,Tetla de la Solidaridad,Tlaxcala
90435,El Pozo,Tetla de la Solidaridad,Tlaxcala
90435,San Isidro,Tetla de la Solidaridad,Tlaxcala
90436,El Ocote,Tetla de la Solidaridad,Tlaxcala
90436,Ricardo Flores Magón,Tetla de la Solidaridad,Tlaxcala
90436,NCPE San Francisco Tepeyanco,Tetla de la Solidaridad,Tlaxcala
90436,Juan Lima Olivares,Tetla de la Solidaridad,Tlaxcala
90437,La Caridad,Tetla de la Solidaridad,Tlaxcala
90437,San José Piedras Negras,Tetla de la Solidaridad,Tlaxcala
90437,Las Cabañas,Tetla de la Solidaridad,Tlaxcala
90437,San Isidro Piedras Negras,Tetla de la Solidaridad,Tlaxcala
90437,San Miguel,Tetla de la Solidaridad,Tlaxcala
90437,Las Arenas,Tetla de la Solidaridad,Tlaxcala
90437,De Gómez,Tetla de la Solidaridad,Tlaxcala
90438,San Isidro,Tetla de la Solidaridad,Tlaxcala
90438,San Juan,Tetla de la Solidaridad,Tlaxcala
90438,La Concepción,Tetla de la Solidaridad,Tlaxcala
90438,Anastacio Lemus,Tetla de la Solidaridad,Tlaxcala
90438,La Loma,Tetla de la Solidaridad,Tlaxcala
90438,Alejandro López Ávila (Los Temontones),Tetla de la Solidaridad,Tlaxcala
90438,De Apizaquito,Tetla de la Solidaridad,Tlaxcala
90438,Santa Rosa Mena,Tetla de la Solidaridad,Tlaxcala
90438,Santa Margarita,Tetla de la Solidaridad,Tlaxcala
90438,Plan de Ayala,Tetla de la Solidaridad,Tlaxcala
90438,El Corazón,Tetla de la Solidaridad,Tlaxcala
90440,San Martin Xaltocan,Xaltocan,Tlaxcala
90440,Puerto Arturo,Xaltocan,Tlaxcala
90440,Cuatla,Xaltocan,Tlaxcala
90440,San Simón Tlatlahuquitepec,Xaltocan,Tlaxcala
90440,Loma Dorada,Xaltocan,Tlaxcala
90440,Topilco de Juárez,Xaltocan,Tlaxcala
90440,Tlalapechco,Xaltocan,Tlaxcala
90440,Jardines de Xaltocan,Xaltocan,Tlaxcala
90443,La Retama,Xaltocan,Tlaxcala
90443,Nueva Ampliación Camino a Xaltocan,Xaltocan,Tlaxcala
90443,Las Mesas,Xaltocan,Tlaxcala
90443,Estela Sánchez Rodríguez,Xaltocan,Tlaxcala
90443,Cañada de Chipila,Xaltocan,Tlaxcala
90443,Santa Bárbara Acuicuizcatepec,Xaltocan,Tlaxcala
90443,Alva,Xaltocan,Tlaxcala
90443,Nueva Ampliación Adolfo Ruiz Cortínez,Xaltocan,Tlaxcala
90443,San José Texopa,Xaltocan,Tlaxcala
90444,Atzacoalco,Xaltocan,Tlaxcala
90444,La Ascensión Huitzcolotepec,Xaltocan,Tlaxcala
90445,San Lucas Tecopilco,San Lucas Tecopilco,Tlaxcala
90446,Las Cañadas,San Lucas Tecopilco,Tlaxcala
90446,Toltecapa,San Lucas Tecopilco,Tlaxcala
90446,Cuamantzingo,San Lucas Tecopilco,Tlaxcala
90446,Pedro Borjas,San Lucas Tecopilco,Tlaxcala
90446,Las Cañadas,San Lucas Tecopilco,Tlaxcala
90447,Alaxanto (El Llano),San Lucas Tecopilco,Tlaxcala
90447,El Llano,San Lucas Tecopilco,Tlaxcala
90448,Tlaxcantitla,San Lucas Tecopilco,Tlaxcala
90448,Cauatla,San Lucas Tecopilco,Tlaxcala
90448,Loma Bonita,San Lucas Tecopilco,Tlaxcala
90448,San José Rosastitla,San Lucas Tecopilco,Tlaxcala
90450,La Noria,Yauhquemehcan,Tlaxcala
90450,San Dionisio Yauhquemehcan,Yauhquemehcan,Tlaxcala
90450,La Aurora,Yauhquemehcan,Tlaxcala
90450,El Pedregal,Yauhquemehcan,Tlaxcala
90450,La Esperanza,Yauhquemehcan,Tlaxcala
90450,Los Sauces V,Yauhquemehcan,Tlaxcala
90450,La Cima de Piedra I,Yauhquemehcan,Tlaxcala
90450,San Lorenzo Tlacualoyan,Yauhquemehcan,Tlaxcala
90450,Santa Úrsula Zimatepec,Yauhquemehcan,Tlaxcala
90450,Villa Hermosa,Yauhquemehcan,Tlaxcala
90450,El Padrino II,Yauhquemehcan,Tlaxcala
90450,Los Sauces I,Yauhquemehcan,Tlaxcala
90450,La Palma,Yauhquemehcan,Tlaxcala
90450,Xalcuentla,Yauhquemehcan,Tlaxcala
90450,La Huerta I,Yauhquemehcan,Tlaxcala
90450,El Padrino III,Yauhquemehcan,Tlaxcala
90450,La Corona,Yauhquemehcan,Tlaxcala
90450,La Huerta,Yauhquemehcan,Tlaxcala
90450,Los Sauces III,Yauhquemehcan,Tlaxcala
90450,La Noria II,Yauhquemehcan,Tlaxcala
90450,Doctores,Yauhquemehcan,Tlaxcala
90450,Viky,Yauhquemehcan,Tlaxcala
90450,Cruztitla,Yauhquemehcan,Tlaxcala
90450,Malintzi I,Yauhquemehcan,Tlaxcala
90450,Jardines de Santa Úrsula,Yauhquemehcan,Tlaxcala
90450,Ahuaxtla,Yauhquemehcan,Tlaxcala
90450,Las Rosas 2000,Yauhquemehcan,Tlaxcala
90450,San Francisco Tlacuilohcan,Yauhquemehcan,Tlaxcala
90450,Axotecatl,Yauhquemehcan,Tlaxcala
90450,El Padrino I,Yauhquemehcan,Tlaxcala
90450,La Cima de Piedra II,Yauhquemehcan,Tlaxcala
90450,Los Sauces IV,Yauhquemehcan,Tlaxcala
90450,Los Sauces II,Yauhquemehcan,Tlaxcala
90453,Villa Alta,Yauhquemehcan,Tlaxcala
90453,San Benito Xaltocan,Yauhquemehcan,Tlaxcala
90453,La Libertad,Yauhquemehcan,Tlaxcala
90453,Las Torres,Yauhquemehcan,Tlaxcala
90453,La Joya,Yauhquemehcan,Tlaxcala
90454,El Mirador II,Yauhquemehcan,Tlaxcala
90454,Vista Los Volcanes I,Yauhquemehcan,Tlaxcala
90454,La Unión,Yauhquemehcan,Tlaxcala
90454,Coyotla,Yauhquemehcan,Tlaxcala
90454,Vista Los Volcanes II,Yauhquemehcan,Tlaxcala
90454,Modulo el Mirador,Yauhquemehcan,Tlaxcala
90454,Los Patios,Yauhquemehcan,Tlaxcala
90454,Arenal,Yauhquemehcan,Tlaxcala
90454,Acuario,Yauhquemehcan,Tlaxcala
90454,Arcos del Tetel I,Yauhquemehcan,Tlaxcala
90454,Arcos Tetel II,Yauhquemehcan,Tlaxcala
90454,Pentágono,Yauhquemehcan,Tlaxcala
90454,Villas la Monumental,Yauhquemehcan,Tlaxcala
90454,San José Tetel,Yauhquemehcan,Tlaxcala
90454,Emilio Sánchez Piedras,Yauhquemehcan,Tlaxcala
90454,El Palmar,Yauhquemehcan,Tlaxcala
90454,Paraíso,Yauhquemehcan,Tlaxcala
90454,Arboledas,Yauhquemehcan,Tlaxcala
90455,Jazmín,Yauhquemehcan,Tlaxcala
90455,Calapa,Yauhquemehcan,Tlaxcala
90456,De Atencingo,Yauhquemehcan,Tlaxcala
90456,El Rosario Ocotoxco,Yauhquemehcan,Tlaxcala
90457,Villa Arboledas,Yauhquemehcan,Tlaxcala
90457,La Luz,Yauhquemehcan,Tlaxcala
90457,Magdalena Tepepa,Yauhquemehcan,Tlaxcala
90458,La Soledad (El Charco),Yauhquemehcan,Tlaxcala
90458,Serafín Sánchez García,Yauhquemehcan,Tlaxcala
90459,Hualcaltzinco,Yauhquemehcan,Tlaxcala
90459,Chimalpa,Yauhquemehcan,Tlaxcala
90459,San José Tepoxtla,Yauhquemehcan,Tlaxcala
90459,Santa María Atlihuetzian,Yauhquemehcan,Tlaxcala
90459,Lomas de la Misión,Yauhquemehcan,Tlaxcala
90459,Cuarta Sección,Yauhquemehcan,Tlaxcala
90460,San Pedro Tlacotepec,Xaloztoc,Tlaxcala
90460,Guadalupe Texmolac,Xaloztoc,Tlaxcala
90460,Venustiano Carranza,Xaloztoc,Tlaxcala
90460,Tetitla,Xaloztoc,Tlaxcala
90460,San Cosme Xaloztoc,Xaloztoc,Tlaxcala
90460,Santa Martha,Xaloztoc,Tlaxcala
90460,La Sierra,Xaloztoc,Tlaxcala
90463,José López Portillo,Xaloztoc,Tlaxcala
90463,El Jagüey Prieto,Xaloztoc,Tlaxcala
90465,Florencia Sánchez Nava,Xaloztoc,Tlaxcala
90465,Velazco,Xaloztoc,Tlaxcala
90467,Santa Cruz Zacatzontetla,Xaloztoc,Tlaxcala
90470,Los Corrales,Xaloztoc,Tlaxcala
90480,Santa María Tocatlán,Tocatlán,Tlaxcala
90480,San José,Tocatlán,Tlaxcala
90482,Venustiano Carranza,Tocatlán,Tlaxcala
90484,Acocotla,Tocatlán,Tlaxcala
90490,Jean Charlot II,Tzompantepec,Tlaxcala
90490,La Estrella,Tzompantepec,Tlaxcala
90490,Loma Dorada,Tzompantepec,Tlaxcala
90490,Los Girasoles,Tzompantepec,Tlaxcala
90490,19 de Noviembre,Tzompantepec,Tlaxcala
90490,San Andrés,Tzompantepec,Tlaxcala
90490,Tepozotenco,Tzompantepec,Tlaxcala
90490,Meyalco,Tzompantepec,Tlaxcala
90490,Jean Charlot III,Tzompantepec,Tlaxcala
90490,San Juan,Tzompantepec,Tlaxcala
90490,San Pablo,Tzompantepec,Tlaxcala
90490,Doña María,Tzompantepec,Tlaxcala
90490,San Salvador Tzompantepec,Tzompantepec,Tlaxcala
90490,Zauhtla,Tzompantepec,Tlaxcala
90490,Jean Charlot I,Tzompantepec,Tlaxcala
90491,San Andrés Ahuashuatepec,Tzompantepec,Tlaxcala
90493,Fernando Armenta Ramos,Tzompantepec,Tlaxcala
90493,Cruztitla (Coyoeca),Tzompantepec,Tlaxcala
90493,Mazapa (Rancho los Juanes),Tzompantepec,Tlaxcala
90493,Andrés Vigueras Carbajal,Tzompantepec,Tlaxcala
90493,San Juan Quetzalcoapan,Tzompantepec,Tlaxcala
90493,El Llano,Tzompantepec,Tlaxcala
90494,La Providencia las Huertas,Tzompantepec,Tlaxcala
90494,San Mateo Inophil,Tzompantepec,Tlaxcala
90494,Amoltepec,Tzompantepec,Tlaxcala
90494,Xaltianquisco,Tzompantepec,Tlaxcala
90495,1ra. Sección San José Teacalco,San José Teacalco,Tlaxcala
90495,4ta. Sección San José Teacalco,San José Teacalco,Tlaxcala
90496,3ra. Sección San José Teacalco,San José Teacalco,Tlaxcala
90496,5ta. Sección San José Teacalco,San José Teacalco,Tlaxcala
90497,2da. Sección San José Teacalco,San José Teacalco,Tlaxcala
90498,Ex-rancho San Nicolás Cuatlapanga,San José Teacalco,Tlaxcala
90498,San Pedro Mártir,San José Teacalco,Tlaxcala
90498,San Luis,San José Teacalco,Tlaxcala
90498,Ecológica,San José Teacalco,Tlaxcala
90498,El Encinal Dos de Mayo,San José Teacalco,Tlaxcala
90500,Huamantla Centro,Huamantla,Tlaxcala
90502,Del Dulce Nombre,Huamantla,Tlaxcala
90502,La Santísima,Huamantla,Tlaxcala
90502,Santa Cruz,Huamantla,Tlaxcala
90502,El Calvario,Huamantla,Tlaxcala
90502,El Encanto,Huamantla,Tlaxcala
90502,De Jesús,Huamantla,Tlaxcala
90503,Villa de las Flores,Huamantla,Tlaxcala
90503,Santa Ana,Huamantla,Tlaxcala
90503,El Cornejal,Huamantla,Tlaxcala
90503,La Giralda,Huamantla,Tlaxcala
90503,Cuamanco,Huamantla,Tlaxcala
90503,San Carlos,Huamantla,Tlaxcala
90505,San Antonio,Huamantla,Tlaxcala
90505,La Preciosa,Huamantla,Tlaxcala
90505,San Miguel,Huamantla,Tlaxcala
90505,Santa Maria Yancuitlalpan,Huamantla,Tlaxcala
90505,Jardines de San Manuel,Huamantla,Tlaxcala
90505,San Francisco Yancuitlalpan,Huamantla,Tlaxcala
90505,San José,Huamantla,Tlaxcala
90506,Viva,Huamantla,Tlaxcala
90506,Tierra y Libertad,Huamantla,Tlaxcala
90506,La Estación,Huamantla,Tlaxcala
90506,Ignacio Zaragoza,Huamantla,Tlaxcala
90506,Nuevos Horizontes,Huamantla,Tlaxcala
90506,Emiliano Zapata,Huamantla,Tlaxcala
90507,San Francisquito,Huamantla,Tlaxcala
90507,San Francisco,Huamantla,Tlaxcala
90507,Unión y Progreso,Huamantla,Tlaxcala
90507,San Lucas,Huamantla,Tlaxcala
90508,San Sebastián,Huamantla,Tlaxcala
90508,Juárez,Huamantla,Tlaxcala
90508,La Esmeralda,Huamantla,Tlaxcala
90508,La Cañada,Huamantla,Tlaxcala
90508,Santa Anita,Huamantla,Tlaxcala
90508,La Palma,Huamantla,Tlaxcala
90508,INFONAVIT 15 de Agosto,Huamantla,Tlaxcala
90508,Los Volcanes,Huamantla,Tlaxcala
90508,Arboledas,Huamantla,Tlaxcala
90508,El Jagüey,Huamantla,Tlaxcala
90508,Los Volcanes II,Huamantla,Tlaxcala
90510,Los Pilares,Huamantla,Tlaxcala
90510,Ignacio Zaragoza,Huamantla,Tlaxcala
90513,El Carmen Xalpatlahuaya,Huamantla,Tlaxcala
90513,N.C.P. San Diego Xalpatlahuaya,Huamantla,Tlaxcala
90513,Hermenegildo Galeana,Huamantla,Tlaxcala
90514,Francisco I. Madero Tecoac,Huamantla,Tlaxcala
90514,Francisco I. Madero la Mesa,Huamantla,Tlaxcala
90514,Francisco Villa Tecoac,Huamantla,Tlaxcala
90514,La Lima,Huamantla,Tlaxcala
90514,Benito Juárez,Huamantla,Tlaxcala
90514,El Molino,Huamantla,Tlaxcala
90514,De Torres,Huamantla,Tlaxcala
90515,Ampliación Felipe Carrillo Puerto,Huamantla,Tlaxcala
90515,Los Alamos,Huamantla,Tlaxcala
90515,El Valle,Huamantla,Tlaxcala
90515,San José Xicohtencatl,Huamantla,Tlaxcala
90515,N.C.P. José María Morelos,Huamantla,Tlaxcala
90520,San Francisco Tecoac,Huamantla,Tlaxcala
90520,San Francisco Notario,Huamantla,Tlaxcala
90520,Lázaro Cárdenas,Huamantla,Tlaxcala
90525,Chapultepec,Huamantla,Tlaxcala
90525,N.C.P. San José Teacalco,Huamantla,Tlaxcala
90525,Lic. Mauro Angulo,Huamantla,Tlaxcala
90526,Acasillados San Martin Notario,Huamantla,Tlaxcala
90526,General Francisco Villa,Huamantla,Tlaxcala
90526,San Martín Notario,Huamantla,Tlaxcala
90526,San Juan,Huamantla,Tlaxcala
90526,Agrícola San Martín Notario,Huamantla,Tlaxcala
90527,Cuauhtémoc,Huamantla,Tlaxcala
90530,De la Cruz,Huamantla,Tlaxcala
90530,José María Morelos,Huamantla,Tlaxcala
90530,De Jesús,Huamantla,Tlaxcala
90530,San Miguel Baez,Huamantla,Tlaxcala
90534,Mariano Matamoros,Huamantla,Tlaxcala
90534,Altamira de Guadalupe,Huamantla,Tlaxcala
90535,La Cruz,Huamantla,Tlaxcala
90540,Terrenate,Terrenate,Tlaxcala
90540,Chapultepec,Terrenate,Tlaxcala
90540,Chipilo,Terrenate,Tlaxcala
90542,Villarreal,Terrenate,Tlaxcala
90542,Los Ameles (Acolco),Terrenate,Tlaxcala
90542,El Pilancón,Terrenate,Tlaxcala
90542,El Capulín,Terrenate,Tlaxcala
90543,El Capulín,Terrenate,Tlaxcala
90543,Nicolás Bravo,Terrenate,Tlaxcala
90543,El Capulín,Terrenate,Tlaxcala
90543,Guadalupe Victoria,Terrenate,Tlaxcala
90544,Toluca de Guadalupe,Terrenate,Tlaxcala
90545,Lázaro Cárdenas,Lázaro Cárdenas,Tlaxcala
90546,El Palomar,Lázaro Cárdenas,Tlaxcala
90546,Atlixtaca,Lázaro Cárdenas,Tlaxcala
90546,El Tecorral,Lázaro Cárdenas,Tlaxcala
90546,San José de la Laguna,Lázaro Cárdenas,Tlaxcala
90546,La Mancera,Lázaro Cárdenas,Tlaxcala
90546,Maribel,Lázaro Cárdenas,Tlaxcala
90547,Guadalupe,Emiliano Zapata,Tlaxcala
90547,Emiliano Zapata,Emiliano Zapata,Tlaxcala
90548,Las Palomas,Emiliano Zapata,Tlaxcala
90548,Tres Ríos,Emiliano Zapata,Tlaxcala
90548,Los Encinos,Emiliano Zapata,Tlaxcala
90548,Ahilitla,Emiliano Zapata,Tlaxcala
90548,Guardamonte,Emiliano Zapata,Tlaxcala
90548,La Venta,Emiliano Zapata,Tlaxcala
90548,Coamila,Emiliano Zapata,Tlaxcala
90548,Tlaximaloya (La Amapola),Emiliano Zapata,Tlaxcala
90548,Gustavo Díaz Ordaz,Emiliano Zapata,Tlaxcala
90548,La Loma,Emiliano Zapata,Tlaxcala
90548,Tipitzila,Emiliano Zapata,Tlaxcala
90548,Ojo de Agua,Emiliano Zapata,Tlaxcala
90548,El Salto,Emiliano Zapata,Tlaxcala
90548,Tecoaquillo,Emiliano Zapata,Tlaxcala
90548,Cruz Verde,Emiliano Zapata,Tlaxcala
90548,El Ciprés,Emiliano Zapata,Tlaxcala
90548,El Epazote,Emiliano Zapata,Tlaxcala
90548,Atotonilco,Emiliano Zapata,Tlaxcala
90548,San Nicolás,Emiliano Zapata,Tlaxcala
90548,Vista Hermosa,Emiliano Zapata,Tlaxcala
90550,San Antonio,Atltzayanca,Tlaxcala
90550,De la Concepción,Atltzayanca,Tlaxcala
90550,Santiago,Atltzayanca,Tlaxcala
90553,La Garita,Atltzayanca,Tlaxcala
90554,Carreta,Atltzayanca,Tlaxcala
90554,Aurelio Aguilar,Atltzayanca,Tlaxcala
90554,San José Pilancón,Atltzayanca,Tlaxcala
90554,San José Miravalle,Atltzayanca,Tlaxcala
90554,San Antonio Tecopilco,Atltzayanca,Tlaxcala
90554,Mariano Guarneros Arroyo,Atltzayanca,Tlaxcala
90554,Xarero Xaltitla,Atltzayanca,Tlaxcala
90554,Techachalco,Atltzayanca,Tlaxcala
90554,San José Buenavista,Atltzayanca,Tlaxcala
90554,San Francisco Axopilco,Atltzayanca,Tlaxcala
90554,Xaltitla,Atltzayanca,Tlaxcala
90554,José Fernández,Atltzayanca,Tlaxcala
90555,Mazehualpa,Atltzayanca,Tlaxcala
90555,Felipe Carrillo Puerto,Atltzayanca,Tlaxcala
90555,La Rincona,Atltzayanca,Tlaxcala
90555,La Soledad Loma de Ocotla,Atltzayanca,Tlaxcala
90555,Ocotla,Atltzayanca,Tlaxcala
90555,Concepción de Hidalgo,Atltzayanca,Tlaxcala
90555,Jesús,Atltzayanca,Tlaxcala
90555,Lázaro Cárdenas,Atltzayanca,Tlaxcala
90555,Blanco,Atltzayanca,Tlaxcala
90556,Mesa Redonda,Atltzayanca,Tlaxcala
90556,San Juan Ocotitla,Atltzayanca,Tlaxcala
90556,Los Teteles,Atltzayanca,Tlaxcala
90557,Santa Martha,Atltzayanca,Tlaxcala
90557,Guadalupe,Atltzayanca,Tlaxcala
90557,La Higuera,Atltzayanca,Tlaxcala
90557,Nazareth,Atltzayanca,Tlaxcala
90557,San Miguel Franco,Atltzayanca,Tlaxcala
90557,San José Xalasco,Atltzayanca,Tlaxcala
90557,Delicias,Atltzayanca,Tlaxcala
90557,Nexnopala,Atltzayanca,Tlaxcala
90558,Santa Cruz Pocitos,Atltzayanca,Tlaxcala
90558,Los Ocalitos,Atltzayanca,Tlaxcala
90558,Miahuapan el Alto,Atltzayanca,Tlaxcala
90558,Loma de Junguito,Atltzayanca,Tlaxcala
90558,El Piñonal (Guadalupe el Piñonal),Atltzayanca,Tlaxcala
90558,Santa María las Cuevas,Atltzayanca,Tlaxcala
90558,Miahuapan el Bajo,Atltzayanca,Tlaxcala
90558,Pocitos,Atltzayanca,Tlaxcala
90560,San Miguel,Cuapiaxtla,Tlaxcala
90560,Alta Luz,Cuapiaxtla,Tlaxcala
90560,De Guadalupe,Cuapiaxtla,Tlaxcala
90560,Ignacio Allende,Cuapiaxtla,Tlaxcala
90560,Los Ángeles,Cuapiaxtla,Tlaxcala
90560,San Antoniio,Cuapiaxtla,Tlaxcala
90562,San Francisco Cuexcontzi,Cuapiaxtla,Tlaxcala
90562,San Francisco Cuexcomatepec,Cuapiaxtla,Tlaxcala
90563,La Soledad,Cuapiaxtla,Tlaxcala
90563,José María Morelos,Cuapiaxtla,Tlaxcala
90563,San Cristóbal del Río,Cuapiaxtla,Tlaxcala
90563,Egipto,Cuapiaxtla,Tlaxcala
90564,Granja de Guadalupe,Cuapiaxtla,Tlaxcala
90564,Plan de Ayala,Cuapiaxtla,Tlaxcala
90564,Santa Rebeca,Cuapiaxtla,Tlaxcala
90564,Mazarraza,Cuapiaxtla,Tlaxcala
90564,El Tejocote,Cuapiaxtla,Tlaxcala
90564,Del Valle,Cuapiaxtla,Tlaxcala
90565,Santa Fe Uno,Cuapiaxtla,Tlaxcala
90565,Loma Bonita,Cuapiaxtla,Tlaxcala
90565,Manuel Ávila Camacho,Cuapiaxtla,Tlaxcala
90565,Santa Beatriz la Nueva,Cuapiaxtla,Tlaxcala
90566,Factor Félix López,Cuapiaxtla,Tlaxcala
90567,La Asunción Rascona,Cuapiaxtla,Tlaxcala
90568,San Rafael Tepatlaxco el Alto,Cuapiaxtla,Tlaxcala
90568,Allende,Cuapiaxtla,Tlaxcala
90568,San Miguel Teometitla,Cuapiaxtla,Tlaxcala
90568,La Granja (Camino a Franco),Cuapiaxtla,Tlaxcala
90570,Villa del Carmen Tequexquitla,El Carmen Tequexquitla,Tlaxcala
90573,Mazatepec,El Carmen Tequexquitla,Tlaxcala
90574,De Guadalupe,El Carmen Tequexquitla,Tlaxcala
90575,La Soledad,El Carmen Tequexquitla,Tlaxcala
90576,Vicente Guerrero,El Carmen Tequexquitla,Tlaxcala
90577,Ocotlán Temalacayucan,El Carmen Tequexquitla,Tlaxcala
90580,San Juan Sección Dos,Ixtenco,Tlaxcala
90580,San Juan Sección Uno,Ixtenco,Tlaxcala
90583,Resurrección Sección Dos,Ixtenco,Tlaxcala
90583,Santiago,Ixtenco,Tlaxcala
90583,San Gabriel Sección Dos,Ixtenco,Tlaxcala
90584,Resurrección Sección Uno,Ixtenco,Tlaxcala
90584,San Gabriel Sección Uno,Ixtenco,Tlaxcala
90585,San Antonio Sección Uno,Ixtenco,Tlaxcala
90585,San Antonio Sección Dos,Ixtenco,Tlaxcala
90586,La Era,Ixtenco,Tlaxcala
90587,Pedro Huerta Gutiérrez (El Cristo),Ixtenco,Tlaxcala
90590,San Pablo Zitlaltepec,Ziltlaltépec de Trinidad Sánchez Santos,Tlaxcala
90592,San Juan Bautista Mier,Ziltlaltépec de Trinidad Sánchez Santos,Tlaxcala
90593,Guadalupe,Ziltlaltépec de Trinidad Sánchez Santos,Tlaxcala
90594,El Lindero,Ziltlaltépec de Trinidad Sánchez Santos,Tlaxcala
90595,Los Capulines (Tlalcanoa),Ziltlaltépec de Trinidad Sánchez Santos,Tlaxcala
90596,Francisco Javier Mina,Ziltlaltépec de Trinidad Sánchez Santos,Tlaxcala
90600,Petroquímica,Apetatitlán de Antonio Carvajal,Tlaxcala
90600,Apetatitlán,Apetatitlán de Antonio Carvajal,Tlaxcala
90600,Tlahuicole IMSS,Apetatitlán de Antonio Carvajal,Tlaxcala
90605,Belén Atzitzimititlan,Apetatitlán de Antonio Carvajal,Tlaxcala
90606,San Matías Tepetomatitlan,Apetatitlán de Antonio Carvajal,Tlaxcala
90608,Tecolotla,Apetatitlán de Antonio Carvajal,Tlaxcala
90610,Tlatempan,Apetatitlán de Antonio Carvajal,Tlaxcala
90610,Jesús,Apetatitlán de Antonio Carvajal,Tlaxcala
90620,Amaxac de Guerrero,Amaxac de Guerrero,Tlaxcala
90623,Tercera Sección,Amaxac de Guerrero,Tlaxcala
90624,Primera Sección,Amaxac de Guerrero,Tlaxcala
90630,La Preciosa,Amaxac de Guerrero,Tlaxcala
90635,San Damián Tlacocalpan,Amaxac de Guerrero,Tlaxcala
90640,Guadalupe Tlachco,Santa Cruz Tlaxcala,Tlaxcala
90640,San Miguel Contla,Santa Cruz Tlaxcala,Tlaxcala
90640,San Lucas Tlacochcalco,Santa Cruz Tlaxcala,Tlaxcala
90640,Villas de San Miguel II,Santa Cruz Tlaxcala,Tlaxcala
90640,Llano Viejo,Santa Cruz Tlaxcala,Tlaxcala
90640,Santa Cruz Tlaxcala,Santa Cruz Tlaxcala,Tlaxcala
90640,El Arcángel,Santa Cruz Tlaxcala,Tlaxcala
90641,Ex-Hacienda San Manuel,Santa Cruz Tlaxcala,Tlaxcala
90643,Tepetlacinco,Santa Cruz Tlaxcala,Tlaxcala
90644,El Progreso,Santa Cruz Tlaxcala,Tlaxcala
90644,Tetzotzocola,Santa Cruz Tlaxcala,Tlaxcala
90644,Ixaquixtla,Santa Cruz Tlaxcala,Tlaxcala
90644,Analco,Santa Cruz Tlaxcala,Tlaxcala
90644,El Alto,Santa Cruz Tlaxcala,Tlaxcala
90645,Centro Vacacional la Trinidad,Santa Cruz Tlaxcala,Tlaxcala
90646,Potrero Viejo,Santa Cruz Tlaxcala,Tlaxcala
90646,Tlalcóyatl,Santa Cruz Tlaxcala,Tlaxcala
90650,Jesús Huitznáhuac,Santa Cruz Tlaxcala,Tlaxcala
90653,Xamistla,Santa Cruz Tlaxcala,Tlaxcala
90653,Coxtla,Santa Cruz Tlaxcala,Tlaxcala
90660,Zacamolpa,Cuaxomulco,Tlaxcala
90660,Tepechapa,Cuaxomulco,Tlaxcala
90660,Primera Sección Atenco,Cuaxomulco,Tlaxcala
90660,Centro,Cuaxomulco,Tlaxcala
90660,San Miguel Buenavista,Cuaxomulco,Tlaxcala
90660,San Lorenzo Xaltelulco,Cuaxomulco,Tlaxcala
90660,San Antonio,Cuaxomulco,Tlaxcala
90660,Segunda Sección Tecuicuilco,Cuaxomulco,Tlaxcala
90660,Coxtla,Cuaxomulco,Tlaxcala
90660,Tecola,Cuaxomulco,Tlaxcala
90670,Zencalco,Contla de Juan Cuamatzi,Tlaxcala
90670,Xopantla,Contla de Juan Cuamatzi,Tlaxcala
90670,San Bernardino Contla Centro,Contla de Juan Cuamatzi,Tlaxcala
90670,San Antonio,Contla de Juan Cuamatzi,Tlaxcala
90670,La Conchita,Contla de Juan Cuamatzi,Tlaxcala
90670,Villa Chica,Contla de Juan Cuamatzi,Tlaxcala
90676,Colhuaca,Contla de Juan Cuamatzi,Tlaxcala
90676,Netzahuala,Contla de Juan Cuamatzi,Tlaxcala
90676,Santa María Tlacatecpa,Contla de Juan Cuamatzi,Tlaxcala
90680,San Miguel Xaltipa,Contla de Juan Cuamatzi,Tlaxcala
90690,San Felipe Cuauhtenco,Contla de Juan Cuamatzi,Tlaxcala
90692,San José Aztatla,Contla de Juan Cuamatzi,Tlaxcala
90692,Ocotlán de Tepatlaxco,Contla de Juan Cuamatzi,Tlaxcala
90692,La Luz,Contla de Juan Cuamatzi,Tlaxcala
90693,Santa María Aquiáhuac,Contla de Juan Cuamatzi,Tlaxcala
90693,Atlapechco,Contla de Juan Cuamatzi,Tlaxcala
90693,Ixtlahuaca,Contla de Juan Cuamatzi,Tlaxcala
90700,San Mateo Ayecac,Tepetitla de Lardizábal,Tlaxcala
90700,Guadalupe Victoria,Tepetitla de Lardizábal,Tlaxcala
90700,Tepetitla de Lardizábal,Tepetitla de Lardizábal,Tlaxcala
90700,Villa Alta,Tepetitla de Lardizábal,Tlaxcala
90700,Las Palomas,Tepetitla de Lardizábal,Tlaxcala
90703,Atalaya,Tepetitla de Lardizábal,Tlaxcala
90704,Nixtlalpan,Tepetitla de Lardizábal,Tlaxcala
90704,El Cambio,Tepetitla de Lardizábal,Tlaxcala
90704,Tlalmecate,Tepetitla de Lardizábal,Tlaxcala
90705,Puerta (Cabiño),Tepetitla de Lardizábal,Tlaxcala
90705,San Juan Molino,Tepetitla de Lardizábal,Tlaxcala
90706,Los Ameyales (La Joyita),Tepetitla de Lardizábal,Tlaxcala
90706,Porcícola Jalisco,Tepetitla de Lardizábal,Tlaxcala
90706,Santa Rosa,Tepetitla de Lardizábal,Tlaxcala
90706,San Joaquín,Tepetitla de Lardizábal,Tlaxcala
90710,La Concordia,Natívitas,Tlaxcala
90710,Nativitas,Natívitas,Tlaxcala
90712,San Miguel Xochitecatitla,Natívitas,Tlaxcala
90712,San Bernabé Capula,Natívitas,Tlaxcala
90712,San Miguel del Milagro,Natívitas,Tlaxcala
90713,Jesús Tepactepec,Natívitas,Tlaxcala
90715,Guadalupe Victoria,Natívitas,Tlaxcala
90716,San Vicente Xiloxochitla,Natívitas,Tlaxcala
90716,Santa Cruz,Natívitas,Tlaxcala
90716,San Francisco Tenexyecac,Natívitas,Tlaxcala
90716,Emiliano Zapata,Natívitas,Tlaxcala
90717,San José Atoyatenco,Natívitas,Tlaxcala
90717,Matamoros,Natívitas,Tlaxcala
90717,El Rosario,Natívitas,Tlaxcala
90717,Colecturía,Natívitas,Tlaxcala
90718,San Rafael Tenanyecac,Natívitas,Tlaxcala
90721,Santiago Michac,Natívitas,Tlaxcala
90722,San Miguel Tlale,Natívitas,Tlaxcala
90722,La Cabaña,Natívitas,Tlaxcala
90722,San Antonio Teacalco,Natívitas,Tlaxcala
90722,Santa Clara Atoyac,Natívitas,Tlaxcala
90722,La Remolacha,Natívitas,Tlaxcala
90722,San Juan Tepactepec,Natívitas,Tlaxcala
90722,San Miguel Analco,Natívitas,Tlaxcala
90723,Segura Michac,Natívitas,Tlaxcala
90723,San Antonio,Natívitas,Tlaxcala
90723,Santa Elena,Natívitas,Tlaxcala
90723,Zanja Real,Natívitas,Tlaxcala
90723,Loma Verde,Natívitas,Tlaxcala
90723,NCP Santa Elena Teacalco,Natívitas,Tlaxcala
90723,Piedra Blanca,Natívitas,Tlaxcala
90725,El Carril,Santa Apolonia Teacalco,Tlaxcala
90725,El Ranchito,Santa Apolonia Teacalco,Tlaxcala
90725,Santa Apolonia Teacalco,Santa Apolonia Teacalco,Tlaxcala
90730,Santa Isabel Tetlatlahuca,Tetlatlahuca,Tlaxcala
90730,Santa Cruz Aquiahuac,Tetlatlahuca,Tlaxcala
90730,Atenco,Tetlatlahuca,Tlaxcala
90733,Santa Águeda,Tetlatlahuca,Tlaxcala
90733,Santa Ana Portales,Tetlatlahuca,Tlaxcala
90734,San Andrés Cuamilpa,Tetlatlahuca,Tlaxcala
90734,Santa Cruz Capulinares,Tetlatlahuca,Tlaxcala
90734,San Bartolomé Tenango,Tetlatlahuca,Tlaxcala
90734,Rinconada,Tetlatlahuca,Tlaxcala
90734,Zavaleta,Tetlatlahuca,Tlaxcala
90735,El Alto,San Damián Texóloc,Tlaxcala
90736,Zavaleta,San Damián Texóloc,Tlaxcala
90736,Monterrey,San Damián Texóloc,Tlaxcala
90736,La Cueva,San Damián Texóloc,Tlaxcala
90737,Luis Echeverría,San Damián Texóloc,Tlaxcala
90738,San Jerónimo Zacualpan,San Jerónimo Zacualpan,Tlaxcala
90740,Sección Segunda,Zacatelco,Tlaxcala
90740,Sección Primera,Zacatelco,Tlaxcala
90740,Las Palomas,Zacatelco,Tlaxcala
90740,La Libertad,Zacatelco,Tlaxcala
90740,Alberto Juárez Blancas,Zacatelco,Tlaxcala
90750,Xochicalco,Zacatelco,Tlaxcala
90750,CROM Santa Inés,Zacatelco,Tlaxcala
90750,Las Américas,Zacatelco,Tlaxcala
90750,Sección Cuarta,Zacatelco,Tlaxcala
90750,Guardia,Zacatelco,Tlaxcala
90750,Sección Quinta,Zacatelco,Tlaxcala
90750,Sección Tercera Gurdia,Zacatelco,Tlaxcala
90750,Exquitla,Zacatelco,Tlaxcala
90750,Girasoles,Zacatelco,Tlaxcala
90750,Privansa,Zacatelco,Tlaxcala
90754,Domingo Arenas,Zacatelco,Tlaxcala
90760,San Lorenzo Axocomanitla,San Lorenzo Axocomanitla,Tlaxcala
90770,Santa Catarina Ayometla,Santa Catarina Ayometla,Tlaxcala
90773,Estocapa,Santa Catarina Ayometla,Tlaxcala
90774,Tlapayatla,Santa Catarina Ayometla,Tlaxcala
90775,Tlaxcaltecatla,Santa Catarina Ayometla,Tlaxcala
90780,Techaloya,Xicohtzinco,Tlaxcala
90780,Capulín,Xicohtzinco,Tlaxcala
90780,El Cerrito,Xicohtzinco,Tlaxcala
90780,San Isidro,Xicohtzinco,Tlaxcala
90780,Guadalupe,Xicohtzinco,Tlaxcala
90780,Xicohtzingo,Xicohtzinco,Tlaxcala
90780,El Rancho,Xicohtzinco,Tlaxcala
90780,El Llano 1,Xicohtzinco,Tlaxcala
90780,El Llano 2,Xicohtzinco,Tlaxcala
90780,El Llano,Xicohtzinco,Tlaxcala
90780,Chalma,Xicohtzinco,Tlaxcala
90780,Santa Filomena,Xicohtzinco,Tlaxcala
90790,San Francisco Papalotla Centro,Papalotla de Xicohténcatl,Tlaxcala
90790,La Trinidad,Papalotla de Xicohténcatl,Tlaxcala
90790,Los Reyes,Papalotla de Xicohténcatl,Tlaxcala
90790,Xilotzingo,Papalotla de Xicohténcatl,Tlaxcala
90790,Xolalpa,Papalotla de Xicohténcatl,Tlaxcala
90790,San Juan Bosco,Papalotla de Xicohténcatl,Tlaxcala
90790,Xaltipa,Papalotla de Xicohténcatl,Tlaxcala
90790,El Carmen,Papalotla de Xicohténcatl,Tlaxcala
90791,San Marcos Contla,Papalotla de Xicohténcatl,Tlaxcala
90796,La Ciénega,Papalotla de Xicohténcatl,Tlaxcala
90796,Tenantitla,Papalotla de Xicohténcatl,Tlaxcala
90796,Santo Toribio Xicotzinco,Papalotla de Xicohténcatl,Tlaxcala
90796,San Buenaventura,Papalotla de Xicohténcatl,Tlaxcala
90796,Panzacola,Papalotla de Xicohténcatl,Tlaxcala
90800,Lucero,Chiautempan,Tlaxcala
90800,Santa Ana Chiautempan Centro,Chiautempan,Tlaxcala
90800,Xaltantla,Chiautempan,Tlaxcala
90802,Los Pinos,Chiautempan,Tlaxcala
90802,Santa Cruz,Chiautempan,Tlaxcala
90802,Industrial,Chiautempan,Tlaxcala
90802,San Onofre,Chiautempan,Tlaxcala
90802,Santa Cruz Tetela,Chiautempan,Tlaxcala
90802,Ximentla,Chiautempan,Tlaxcala
90802,Buenos Aires,Chiautempan,Tlaxcala
90802,Llanos de Tepetlapa,Chiautempan,Tlaxcala
90802,Puente Picazo,Chiautempan,Tlaxcala
90802,La Magdalena,Chiautempan,Tlaxcala
90803,Tlapacoyac,Chiautempan,Tlaxcala
90803,Villa de las Flores,Chiautempan,Tlaxcala
90804,La Laguna,Chiautempan,Tlaxcala
90804,Chalma,Chiautempan,Tlaxcala
90804,El Llanito,Chiautempan,Tlaxcala
90804,Los Álamos,Chiautempan,Tlaxcala
90804,Providencia,Chiautempan,Tlaxcala
90804,De Fátima,Chiautempan,Tlaxcala
90805,Reforma,Chiautempan,Tlaxcala
90805,La Soledad,Chiautempan,Tlaxcala
90805,Panzacola,Chiautempan,Tlaxcala
90805,José Agustín Arrieta,Chiautempan,Tlaxcala
90805,Panzacola,Chiautempan,Tlaxcala
90805,Tepetlapa,Chiautempan,Tlaxcala
90805,Del Carmen,Chiautempan,Tlaxcala
90805,San Sebastián,Chiautempan,Tlaxcala
90805,La Concha,Chiautempan,Tlaxcala
90806,Nueva,Chiautempan,Tlaxcala
90806,Texcacoac,Chiautempan,Tlaxcala
90806,Texcacoac,Chiautempan,Tlaxcala
90806,Constitución,Chiautempan,Tlaxcala
90806,Xaxala,Chiautempan,Tlaxcala
90807,Villas del Sabinal,Chiautempan,Tlaxcala
90807,La Malinche,Chiautempan,Tlaxcala
90807,El Alto,Chiautempan,Tlaxcala
90810,Guadalupe Ixcotla,Chiautempan,Tlaxcala
90810,Santa Cruz Guadalupe,Chiautempan,Tlaxcala
90820,Ramontla,Chiautempan,Tlaxcala
90820,San Bartolomé Cuahuixmatlac,Chiautempan,Tlaxcala
90820,San Pedro Muñoztla,Chiautempan,Tlaxcala
90820,San Pedro Xochiteotla,Chiautempan,Tlaxcala
90820,San Pedro Tlalcuapan de Nicolás Bravo,Chiautempan,Tlaxcala
90821,San Rafael Tepatlaxco,Chiautempan,Tlaxcala
90830,La Magdalena Tlaltelulco,La Magdalena Tlaltelulco,Tlaxcala
90833,Independencia,La Magdalena Tlaltelulco,Tlaxcala
90833,Santa Cruz Progreso,La Magdalena Tlaltelulco,Tlaxcala
90833,Tezoquipan,La Magdalena Tlaltelulco,Tlaxcala
90833,Villa de las Flores,La Magdalena Tlaltelulco,Tlaxcala
90833,1901,La Magdalena Tlaltelulco,Tlaxcala
90833,La Loma,La Magdalena Tlaltelulco,Tlaxcala
90833,Tecpa Morales,La Magdalena Tlaltelulco,Tlaxcala
90833,Tecpa Pluma,La Magdalena Tlaltelulco,Tlaxcala
90833,Estocapa,La Magdalena Tlaltelulco,Tlaxcala
90833,Progreso,La Magdalena Tlaltelulco,Tlaxcala
90834,Poxtla 2a Sección,La Magdalena Tlaltelulco,Tlaxcala
90834,Calnahuac,La Magdalena Tlaltelulco,Tlaxcala
90834,San Nicolás,La Magdalena Tlaltelulco,Tlaxcala
90834,Comalteopan,La Magdalena Tlaltelulco,Tlaxcala
90834,Satelite,La Magdalena Tlaltelulco,Tlaxcala
90834,Poxtla 1a Sección,La Magdalena Tlaltelulco,Tlaxcala
90835,Santa Cruz Yoalcoatl,La Magdalena Tlaltelulco,Tlaxcala
90835,La Venta,La Magdalena Tlaltelulco,Tlaxcala
90835,Teotlalpan,La Magdalena Tlaltelulco,Tlaxcala
90835,Yoalcoatl,La Magdalena Tlaltelulco,Tlaxcala
90843,Jesús Xolalpan,San Francisco Tetlanohcan,Tlaxcala
90843,Santa Cruz Matlacahuacan,San Francisco Tetlanohcan,Tlaxcala
90845,Dolores Aquiahuac,San Francisco Tetlanohcan,Tlaxcala
90846,Cantetl,San Francisco Tetlanohcan,Tlaxcala
90847,Vivero Malintzi,San Francisco Tetlanohcan,Tlaxcala
90850,Cuauhtla,Teolocholco,Tlaxcala
90850,Tercera,Teolocholco,Tlaxcala
90850,Santa Maria Acxotla Del Monte,Teolocholco,Tlaxcala
90850,Cuaxinca,Teolocholco,Tlaxcala
90850,Primera,Teolocholco,Tlaxcala
90850,Actipa,Teolocholco,Tlaxcala
90850,Segunda,Teolocholco,Tlaxcala
90855,El Carmen Aztama,Teolocholco,Tlaxcala
90860,Concepción Chimalpa,Acuamanala de Miguel Hidalgo,Tlaxcala
90860,Acuamanala,Acuamanala de Miguel Hidalgo,Tlaxcala
90861,Guadalupe Hidalgo,Acuamanala de Miguel Hidalgo,Tlaxcala
90864,Olextla de Juárez,Acuamanala de Miguel Hidalgo,Tlaxcala
90867,Santa Cruz Quilehtla,Santa Cruz Quilehtla,Tlaxcala
90867,Ayometitla,Santa Cruz Quilehtla,Tlaxcala
90870,Primera,Mazatecochco de José María Morelos,Tlaxcala
90873,Cuarta,Mazatecochco de José María Morelos,Tlaxcala
90874,Tercera,Mazatecochco de José María Morelos,Tlaxcala
90875,Segunda,Mazatecochco de José María Morelos,Tlaxcala
90876,San Juan Ixhualco,Mazatecochco de José María Morelos,Tlaxcala
90876,Ramos Muñoz Manzano,Mazatecochco de José María Morelos,Tlaxcala
90877,Zacatecoma,Mazatecochco de José María Morelos,Tlaxcala
90880,San Miguel Tenancingo,Tenancingo,Tlaxcala
90883,Tecoac,Tenancingo,Tlaxcala
90884,La Renda,Tenancingo,Tlaxcala
90886,Concepción Acopilco,Tenancingo,Tlaxcala
90886,El Puente,Tenancingo,Tlaxcala
90887,Tepepantlalpa (Magdalena Reyes),Tenancingo,Tlaxcala
90890,San Isidro Buensuceso,San Pablo del Monte,Tlaxcala
90893,Patlaguactetl,San Pablo del Monte,Tlaxcala
90893,Popozotzi,San Pablo del Monte,Tlaxcala
90894,Tetzacual,San Pablo del Monte,Tlaxcala
90895,Cacamila San Antonio,San Pablo del Monte,Tlaxcala
90896,Juquila,San Pablo del Monte,Tlaxcala
90896,Hueyocotl,San Pablo del Monte,Tlaxcala
90897,Ex-hacienda Guadalupe Xaltelulco,San Pablo del Monte,Tlaxcala
90900,Villa Vicente Guerrero,San Pablo del Monte,Tlaxcala
90920,Cristo,San Pablo del Monte,Tlaxcala
90930,San Nicolás,San Pablo del Monte,Tlaxcala
90933,Xoyacolotzi,San Pablo del Monte,Tlaxcala
90940,Santiago,San Pablo del Monte,Tlaxcala
90940,San Miguel,San Pablo del Monte,Tlaxcala
90950,La Santísima,San Pablo del Monte,Tlaxcala
90960,San Cosme,San Pablo del Monte,Tlaxcala
90963,Acopilco,San Pablo del Monte,Tlaxcala
90964,Ex-hacienda de Acopilco,San Pablo del Monte,Tlaxcala
90970,Jesús,San Pablo del Monte,Tlaxcala
90970,San Bartolomé,San Pablo del Monte,Tlaxcala
90970,San Sebastián,San Pablo del Monte,Tlaxcala
90980,San Pedro,San Pablo del Monte,Tlaxcala
90990,Tlaltepango,San Pablo del Monte,Tlaxcala
